base_mean,log2fold_change,lfc_se,stat,pvalue,padj,gene_symbol,GENE,LOG2FC,DEPENDENCY,COMMON_ESSENTIAL
17442.0190183385,1.18296418196319,0.117857664174294,10.037227449322,1.04572089899785e-23,2.57888426434975e-22,RAN,RAN,1.18296418196319,-3.97318914749526,TRUE
204.610780323881,1.19728970717066,0.181086754900946,6.61169121852989,3.79953906715577e-11,2.4637458921281e-10,RPL17,RPL17,1.19728970717066,-3.86853726436469,TRUE
1500.80728725304,1.54864203896005,0.166524814576649,9.29976738239952,1.40753285713205e-20,2.58563488279501e-19,HSPE1,HSPE1,1.54864203896005,-3.49011353097094,TRUE
8549.71192088544,1.93421235871895,0.127329218478915,15.1906403088404,4.07915518200358e-52,5.01562915704185e-50,PCNA,PCNA,1.93421235871895,-3.23637309097005,TRUE
3368.4428600888,1.26051050052368,0.125613764131138,10.0348119431222,1.07163411813079e-23,2.64029173509596e-22,LSM2,LSM2,1.26051050052368,-3.00302320910443,TRUE
6493.75145385593,1.05197288028668,0.165050212973752,6.37365357689046,1.84577262288656e-10,1.09723500480693e-09,PSMB3,PSMB3,1.05197288028668,-2.9850639520892,TRUE
2802.51011482038,1.58651796638791,0.144853857251621,10.9525420757835,6.46085364821851e-28,2.22771259322899e-26,SNRPA1,SNRPA1,1.58651796638791,-2.92994156762398,TRUE
4214.78950751473,1.43525430636669,0.121471209159727,11.8155924872652,3.24254886037751e-32,1.5229463269092e-30,SNRPD1,SNRPD1,1.43525430636669,-2.86582029506707,TRUE
827.788420876035,3.58504601094864,0.188657794026441,19.0029043297633,1.61363186504163e-80,5.25781772825501e-78,ORC6,ORC6,3.58504601094864,-2.65634601304218,TRUE
3327.00783482559,1.33058677608952,0.170532753486258,7.80252912644576,6.06786183505319e-15,6.16650894558797e-14,SNRPF,SNRPF,1.33058677608952,-2.6431554404491,TRUE
8058.71215594466,1.17587618255399,0.142622793259226,8.24465820422379,1.6563298246126e-16,2.00257650919187e-15,BANF1,BANF1,1.17587618255399,-2.59598762245393,TRUE
3658.48210821194,3.85801666881318,0.187190767628407,20.6100798543214,2.22863843218733e-94,1.29097595581838e-91,CDK1,CDK1,3.85801666881318,-2.57181767859166,TRUE
1393.9192154146,1.10408387573884,0.161013258692805,6.85709912775135,7.02728713528818e-12,4.98857009138227e-11,PRELID1,PRELID1,1.10408387573884,-2.49306367015916,TRUE
1092.65296328452,4.28335342154554,0.188727725465948,22.6959415261875,4.91312517750083e-114,9.85157184630108e-111,CDC45,CDC45,4.28335342154554,-2.47987099126145,TRUE
12057.3062685143,1.20193472038379,0.141503209367136,8.49404565281144,1.99565860699923e-17,2.67047396861648e-16,CKAP5,CKAP5,1.20193472038379,-2.4682380257705,TRUE
1313.77838602991,2.06815507645778,0.150127954592309,13.775949203292,3.55677233729466e-43,3.25313629881613e-41,DONSON,DONSON,2.06815507645778,-2.46809237784546,TRUE
27908.5672233988,1.0699661335446,0.120804782129478,8.85698491966826,8.22076505630464e-19,1.27858402579172e-17,SEC61A1,SEC61A1,1.0699661335446,-2.4305578635712,TRUE
1243.28610195125,2.53702543277921,0.193025325456721,13.143484808412,1.85483814187369e-39,1.36969025054452e-37,GINS2,GINS2,2.53702543277921,-2.40001593435059,TRUE
11440.3424457903,1.07286672794787,0.124128957130901,8.64316234298549,5.467814243256e-18,7.76304541824369e-17,PSMA7,PSMA7,1.07286672794787,-2.37966783399835,TRUE
4756.4467485647,4.42094631951017,0.218851904174799,20.2006299016669,9.66564995142606e-91,4.84527879391967e-88,RRM2,RRM2,4.42094631951017,-2.34948049600523,TRUE
1569.01163418433,3.35664931832633,0.168902981533861,19.8732389910678,6.93785477926257e-88,3.17279053563224e-85,GINS1,GINS1,3.35664931832633,-2.26672689702845,TRUE
13151.832055807,1.3543103960068,0.159348978476164,8.49902151214214,1.91195473000765e-17,2.57166790232763e-16,PUF60,PUF60,1.3543103960068,-2.21988367713172,TRUE
7129.60551863197,1.03380804175227,0.117644633314926,8.78754952624863,1.52857500633359e-18,2.29921319619721e-17,EIF4A3,EIF4A3,1.03380804175227,-2.20887969284981,TRUE
11843.746648196,1.69155584271815,0.147789614568449,11.4457017000657,2.4709695068972e-30,1.01642916859988e-28,MCM7,MCM7,1.69155584271815,-2.15015463156429,TRUE
9331.73703316792,1.16847801919336,0.123049723219415,9.49598250708617,2.18144398076622e-21,4.3275266549949e-20,PSMB2,PSMB2,1.16847801919336,-2.11455349742298,TRUE
3188.57537177118,3.40219611957003,0.174985351462331,19.4427481565645,3.35692801720181e-84,1.30604541230447e-81,KIF11,KIF11,3.40219611957003,-2.09461722139344,TRUE
5112.1260077252,5.00684232229346,0.214209309233313,23.3735981886768,7.93298626788371e-121,3.44648588408208e-117,CDC20,CDC20,5.00684232229346,-2.0666702589442,TRUE
6871.52233537354,1.52888800224629,0.152197627245745,10.0454128616452,9.62438035043731e-24,2.3825139847564e-22,GTPBP4,GTPBP4,1.52888800224629,-2.06221050986877,TRUE
20150.4495575013,1.42801422884028,0.141417701588819,10.0978463996843,5.64686302376192e-24,1.42632537248452e-22,PSMB4,PSMB4,1.42801422884028,-2.03283554002127,TRUE
1695.21631268073,1.72658759118116,0.157760937633669,10.9443289136022,7.07396308565741e-28,2.42627625991884e-26,POLD1,POLD1,1.72658759118116,-2.00210265981703,TRUE
2855.97912106563,2.77239384529992,0.21783860950946,12.7268249257693,4.19556235931017e-37,2.68053245147398e-35,MCM2,MCM2,2.77239384529992,-1.99255996551155,TRUE
10938.8553982107,4.22047601237357,0.224347933658676,18.8121902597714,6.00065572350208e-79,1.75751789600594e-76,TOP2A,TOP2A,4.22047601237357,-1.98897939412893,TRUE
1305.38383396076,2.75486721517856,0.197802486352989,13.9273639374904,4.32007818033409e-44,4.0653963150458e-42,CDC7,CDC7,2.75486721517856,-1.97669171210441,TRUE
1989.55658742122,1.16171264664677,0.141670038643082,8.20012938355683,2.40128442892523e-16,2.84132007302741e-15,PAK1IP1,PAK1IP1,1.16171264664677,-1.96495823219242,TRUE
8086.61996775807,1.34146956355039,0.122877551899484,10.9171247539805,9.54703727349549e-28,3.24462347598705e-26,SF3B4,SF3B4,1.34146956355039,-1.95504425529733,TRUE
1512.46569369485,1.01303844298967,0.113842981609804,8.89855859943873,5.65766159390575e-19,8.95435730226722e-18,WDR77,WDR77,1.01303844298967,-1.95286846709629,TRUE
30425.8692207101,1.61919985031509,0.121617241862458,13.3139004430499,1.92180957753873e-40,1.49539732112544e-38,CCT3,CCT3,1.61919985031509,-1.95234771509199,TRUE
945.014248938018,1.15909987206737,0.148430327825777,7.80905013851275,5.76205766773178e-15,5.88095368930166e-14,MED30,MED30,1.15909987206737,-1.92989510893907,TRUE
1718.92935725063,3.0370519775816,0.16978906810215,17.8872056459749,1.48364253410898e-71,3.54808348042374e-69,CHEK1,CHEK1,3.0370519775816,-1.92234874732119,TRUE
265.329754037107,1.13452358065562,0.191031743302844,5.93892701307262,2.86893546204469e-09,1.46006522235687e-08,POLR2I,POLR2I,1.13452358065562,-1.89350836394515,TRUE
27573.6303437595,1.0391710324564,0.132362344501086,7.85095667784784,4.12875574356375e-15,4.27080460188398e-14,HSPD1,HSPD1,1.0391710324564,-1.87366460304927,TRUE
5361.89905964833,1.02260787936625,0.135032555030825,7.57304695251309,3.64570462361872e-14,3.37713512522634e-13,SF3B6,SF3B6,1.02260787936625,-1.8669394990323,TRUE
10684.2869873276,1.17533729197077,0.119525010198283,9.83340047426877,8.08419955589523e-23,1.8324419984654e-21,CSE1L,CSE1L,1.17533729197077,-1.84725986731838,TRUE
7756.91648488446,1.08197722058191,0.138120745424197,7.83356053617389,4.74244346719437e-15,4.87273448401086e-14,TARS1,TARS1,1.08197722058191,-1.83005936392917,TRUE
2935.83156728534,1.64320775747796,0.138158595155274,11.893633947502,1.27725809188391e-32,6.16323341294043e-31,RFC2,RFC2,1.64320775747796,-1.82177419646458,TRUE
3304.10337294093,1.09619327396554,0.141235951753736,7.76143227240683,8.39755607273989e-15,8.37090226187804e-14,H3-3A,H3-3A,1.09619327396554,-1.8164851940155,TRUE
889.686289261378,1.49389790581188,0.140639306922166,10.6221933149788,2.34974218039698e-26,7.31788881916464e-25,DNAJC9,DNAJC9,1.49389790581188,-1.81028274735946,TRUE
108824.989667942,1.96768111421725,0.165794038015313,11.8682260096441,1.73099236252037e-32,8.30971968946934e-31,GAPDH,GAPDH,1.96768111421725,-1.81015871830884,TRUE
3815.24869901387,1.0715871094356,0.140994589815564,7.60020019801719,2.95672982418606e-14,2.7664420792196e-13,EIF6,EIF6,1.0715871094356,-1.80244539124128,TRUE
1421.1822387802,3.58051383936097,0.195229747238529,18.3400014086294,3.96786822933986e-75,1.03430421134202e-72,ESPL1,ESPL1,3.58051383936097,-1.80224921296865,TRUE
1630.73951329667,4.78569574596159,0.217176029235486,22.0360219440813,1.30076778275649e-107,1.47422233883102e-104,AURKB,AURKB,4.78569574596159,-1.79766198062789,TRUE
1755.65095468455,3.97665562211165,0.21386024869146,18.5946460197418,3.55048872922287e-77,9.74216733733186e-75,CDT1,CDT1,3.97665562211165,-1.7965110494445,TRUE
2530.72315577045,4.56429320860361,0.191654426857498,23.8152245342986,2.3228733889257e-125,1.21100681258252e-121,PLK1,PLK1,4.56429320860361,-1.79543700292962,TRUE
6487.74620456074,1.26787664997492,0.141803952772303,8.94105294801458,3.85479616120994e-19,6.19500441025028e-18,PSMC4,PSMC4,1.26787664997492,-1.78781337272441,TRUE
6763.51882251179,1.32649302848254,0.157834643440725,8.40432112726071,4.30343660511625e-17,5.51512694127656e-16,SEM1,SEM1,1.32649302848254,-1.78535150201196,TRUE
2297.09312814972,1.46027545659005,0.186680161379176,7.82233873059497,5.18508593585131e-15,5.30870522740911e-14,LSM7,LSM7,1.46027545659005,-1.77910697419393,TRUE
390.330459478396,1.62808753540998,0.162424538607917,10.0236549807298,1.19982033851583e-23,2.94221230141976e-22,POLA2,POLA2,1.62808753540998,-1.77869362442539,TRUE
2452.23223139865,1.25887917921958,0.136661385959612,9.21166700000848,3.21098883143809e-20,5.66240935856416e-19,MAGOH,MAGOH,1.25887917921958,-1.77852275358397,TRUE
318.532260606793,3.64760350350637,0.299492166146318,12.1792952064206,4.00729750861313e-34,2.14053738026677e-32,H2BC11,H2BC11,3.64760350350637,-1.76530788397839,TRUE
3195.61895474118,1.45889572920346,0.139670645343419,10.4452565935838,1.54038261943402e-25,4.48137876571279e-24,SNRPG,SNRPG,1.45889572920346,-1.75381080968111,TRUE
1789.50605039659,1.17599345626696,0.129827061584012,9.05815353069489,1.32677413298443e-19,2.23129169835518e-18,POLR1C,POLR1C,1.17599345626696,-1.75236700506134,TRUE
2852.84741285539,1.2047633328545,0.173094289114548,6.96015645009082,3.39895062199426e-12,2.50283745377187e-11,POLR2F,POLR2F,1.2047633328545,-1.74142874667099,TRUE
559.86885717137,3.37518535576436,0.171713594274996,19.6559006875079,5.14672909049287e-86,2.19934077380127e-83,SPC25,SPC25,3.37518535576436,-1.73402419072288,TRUE
6750.86310278313,1.72362808147153,0.155706586361902,11.069718511877,1.75952419886435e-28,6.34377832528314e-27,LSM4,LSM4,1.72362808147153,-1.7331302855338,TRUE
2407.54315871486,1.45018519891434,0.145385790509703,9.97473820398942,1.96619279152039e-23,4.7412347360372e-22,PFDN6,PFDN6,1.45018519891434,-1.73196485389018,TRUE
7671.33842972049,1.13368350708677,0.109975598046156,10.3085004967282,6.44998116354625e-25,1.78105570964153e-23,NOP56,NOP56,1.13368350708677,-1.73188411471488,TRUE
7515.54917502492,1.61197645437513,0.155138625387458,10.3905552234282,2.73754820639352e-25,7.773384433122e-24,SNRPB,SNRPB,1.61197645437513,-1.69781101204968,TRUE
3639.42554667501,1.24415451387027,0.150921618475624,8.24371303751439,1.66947270763736e-16,2.01659615708912e-15,DDX49,DDX49,1.24415451387027,-1.69742926669758,TRUE
3397.75915983766,1.32890837522002,0.129886743721044,10.2312856350769,1.43600196426922e-24,3.82742977531757e-23,POLR2H,POLR2H,1.32890837522002,-1.690201611218,TRUE
7533.96101527183,1.3125159654123,0.112695241824323,11.6465961132444,2.38808300885431e-31,1.06483620461971e-29,YARS1,YARS1,1.3125159654123,-1.67524710887977,TRUE
2579.20610166436,3.70276187236304,0.185562157630481,19.9542941278822,1.37551678767638e-88,6.40278501863576e-86,KIF23,KIF23,3.70276187236304,-1.66652391249722,TRUE
1922.57585749343,1.06755513634021,0.126707027382242,8.42538222540473,3.59574502528159e-17,4.65162707563351e-16,NVL,NVL,1.06755513634021,-1.66612789181614,TRUE
13178.3244963042,2.84947639885583,0.181805911692178,15.6731779089801,2.30747719563292e-55,3.16573726624017e-53,MCM4,MCM4,2.84947639885583,-1.66368420962198,TRUE
973.157386698047,4.12846672749087,0.19141793826115,21.5678152475889,3.60313919540185e-103,3.13076764688467e-100,SPC24,SPC24,4.12846672749087,-1.66021826905641,TRUE
4379.96364806009,1.34182802656534,0.139676077594296,9.60671325882174,7.49017474345338e-22,1.55947591883066e-20,CDC123,CDC123,1.34182802656534,-1.65568869210947,TRUE
1044.48739234825,3.37720287033865,0.192131371594971,17.5775712331773,3.65918460628046e-69,8.44105886123122e-67,TICRR,TICRR,3.37720287033865,-1.64976853011416,TRUE
2000.79699018233,3.70294289899827,0.195300580584559,18.960224736224,3.6358723914747e-80,1.14188295938037e-77,DTL,DTL,3.70294289899827,-1.62816899511363,TRUE
17922.0284891229,1.18502987129886,0.137108912239543,8.64298207857191,5.4764512947217e-18,7.77107544363149e-17,EPRS1,EPRS1,1.18502987129886,-1.61378925824392,TRUE
445.59593380074,2.11577650981557,0.159711348539728,13.2475026299666,4.66468916570898e-40,3.56581972089548e-38,POLE2,POLE2,2.11577650981557,-1.61244785455554,TRUE
19249.5141705586,1.42014486764502,0.162538502947207,8.73728280926943,2.38784176796197e-18,3.52656494988469e-17,CCT6A,CCT6A,1.42014486764502,-1.60869716297647,TRUE
4892.93226715501,1.91541637874612,0.164321579367866,11.6565114948054,2.12574527893103e-31,9.52092821063491e-30,ALYREF,ALYREF,1.91541637874612,-1.59669540872857,TRUE
4583.54852014597,1.93850161124528,0.153071238160985,12.6640486778225,9.35475278267787e-37,5.87591182617022e-35,RCC1,RCC1,1.93850161124528,-1.59223434001991,TRUE
58040.1584338428,1.57209657148587,0.119852179058322,13.1169627772964,2.63276541778077e-39,1.91165170321146e-37,TUBB,TUBB,1.57209657148587,-1.58832885530372,TRUE
1597.42835184203,4.01228813647182,0.208137312670264,19.2771208823484,8.36021813294099e-83,2.94494332528882e-80,NCAPG,NCAPG,4.01228813647182,-1.58762463358475,TRUE
5683.1645091388,1.02966021211086,0.125040910981362,8.23458661673005,1.80178710577115e-16,2.16239339254773e-15,BUD23,BUD23,1.02966021211086,-1.57298190635661,TRUE
4447.51506858704,1.17858898920849,0.115424329312821,10.2109234355116,1.77170569123022e-24,4.67913396689951e-23,NOP58,NOP58,1.17858898920849,-1.57289619531422,TRUE
4537.01749053302,1.37251322882895,0.140616314930159,9.76069689716057,1.6601047964885e-22,3.67663141291978e-21,SNRPE,SNRPE,1.37251322882895,-1.56691138358843,TRUE
30432.0385153996,1.08685630095495,0.12255444861681,8.86835454136158,7.42346529751956e-19,1.1594216291818e-17,COPA,COPA,1.08685630095495,-1.56529337206353,TRUE
1737.00522312968,3.55486354540002,0.181926876276383,19.5400680655863,5.01153509728255e-85,2.00977977509022e-82,CDC6,CDC6,3.55486354540002,-1.56310723824715,TRUE
256.838640697322,2.27152863019886,0.305173091899011,7.4434106102335,9.81185042301183e-14,8.64364667038356e-13,H2BC4,H2BC4,2.27152863019886,-1.56063538881774,TRUE
7329.91202335239,1.2307915742106,0.148813551050944,8.27069554834598,1.33179741365117e-16,1.62985742636831e-15,NUTF2,NUTF2,1.2307915742106,-1.55921221534529,TRUE
2684.11005025866,4.37005657966539,0.196176684024121,22.2761262450948,6.29746984950445e-110,8.63979718773856e-107,CDCA8,CDCA8,4.37005657966539,-1.5544226742335,TRUE
2100.19286548636,3.04784425120826,0.181609712166699,16.7823857812772,3.28374267428093e-63,6.38785972317022e-61,MAD2L1,MAD2L1,3.04784425120826,-1.54972444933316,TRUE
5508.40688002654,1.15532518800097,0.147673623797936,7.82350401031546,5.13729193025878e-15,5.26390679033237e-14,RUVBL2,RUVBL2,1.15532518800097,-1.54690998518497,TRUE
1767.1076558874,4.7753257097789,0.213619575002875,22.354345147043,1.09546996664789e-110,1.67974209533004e-107,NUF2,NUF2,4.7753257097789,-1.54231533884499,TRUE
11405.3263484266,1.02674569045058,0.166748173582201,6.15746288785847,7.39195579396894e-10,4.03277755716593e-09,GUK1,GUK1,1.02674569045058,-1.53899815608602,TRUE
4549.40673714834,1.90407111947513,0.188896139478388,10.0799895896918,6.77332989238438e-24,1.70096715129849e-22,PFDN2,PFDN2,1.90407111947513,-1.53101992711121,TRUE
4922.65373510592,1.1034941381747,0.105868385264853,10.4232640878962,1.94172555528444e-25,5.59281326514913e-24,PSMD14,PSMD14,1.1034941381747,-1.52419399522998,TRUE
87.4144816398913,1.3748437578066,0.18360022994509,7.48824638301259,6.97999059471583e-14,6.26972483916118e-13,RPS10,RPS10,1.3748437578066,-1.51916481307741,TRUE
2234.10795432807,1.56756445461023,0.17239076837343,9.09308815895867,9.62651382932374e-20,1.63688412256348e-18,PSMG3,PSMG3,1.56756445461023,-1.50370495802211,TRUE
8737.83359932181,1.36540866264735,0.132527647313455,10.3028212627806,6.84245529448949e-25,1.88344542937125e-23,GMPS,GMPS,1.36540866264735,-1.49552027494842,TRUE
4260.17228550035,1.4404400621454,0.137504436860812,10.4755896975417,1.11838386985973e-25,3.30157557594945e-24,RUVBL1,RUVBL1,1.4404400621454,-1.48090807480928,TRUE
6819.16070361169,1.0461579379108,0.148341430261757,7.052365182571,1.75901815833801e-12,1.33797275557038e-11,POLD2,POLD2,1.0461579379108,-1.47628571983701,TRUE
4891.34974053262,1.00061078508696,0.112480863823828,8.89583126472215,5.79836239344434e-19,9.15480996425885e-18,USP39,USP39,1.00061078508696,-1.46212929113139,TRUE
186.173632469267,1.13264016952557,0.386053580351423,2.93389370588025,0.00334738822032973,0.0066694465137457,PWP2,PWP2,1.13264016952557,-1.45746717087534,TRUE
7643.81729378092,1.34702126673279,0.129627903135173,10.3914453150426,2.71211729745017e-25,7.7179870734316e-24,VARS1,VARS1,1.34702126673279,-1.45380501054285,TRUE
1582.11400411455,1.58992295456041,0.16717925189582,9.51028872620626,1.90134076432858e-21,3.80433101555743e-20,RFC3,RFC3,1.58992295456041,-1.4537663460185,TRUE
4247.56478041174,1.51849775577684,0.139088190053972,10.9175175490284,9.50584815371177e-28,3.2348426086528e-26,ACTL6A,ACTL6A,1.51849775577684,-1.4533832773617,TRUE
4109.57171603168,1.26060428411206,0.111451956207186,11.3107416595599,1.16103935809315e-29,4.58557771930519e-28,NUP93,NUP93,1.26060428411206,-1.4525638922712,TRUE
3282.95274125875,2.39040011800931,0.147153938483487,16.2442143420957,2.45465961843433e-59,4.10164181241844e-57,RACGAP1,RACGAP1,2.39040011800931,-1.45109752818396,TRUE
1845.35961236738,2.41995336537477,0.163829724542546,14.7711495708846,2.24844888454007e-49,2.5933768616507e-47,CHAF1B,CHAF1B,2.41995336537477,-1.45047737699269,TRUE
1197.62305364399,1.50281441676501,0.181145206754346,8.29618648868254,1.07506724311324e-16,1.3275119766098e-15,NOP16,NOP16,1.50281441676501,-1.45016644005052,TRUE
1497.39158438269,1.12239521113565,0.151803975564808,7.39371420912807,1.42783129756083e-13,1.23447026313493e-12,MZT1,MZT1,1.12239521113565,-1.44985684973788,TRUE
798.066142152463,3.41689336048883,0.174212035351479,19.6134173715101,1.18776611042567e-85,4.91452368261364e-83,RAD51,RAD51,3.41689336048883,-1.44516352449278,TRUE
18601.7486793053,1.00834286122914,0.1273216751918,7.91964808592217,2.38183739282188e-15,2.54143902245959e-14,PSMD2,PSMD2,1.00834286122914,-1.44374847189405,TRUE
9511.89275997943,1.38680761926572,0.129282258791759,10.7269754738701,7.6044513461707e-27,2.42625744480577e-25,RANGAP1,RANGAP1,1.38680761926572,-1.44369166719192,TRUE
6268.32201660071,1.00801860603864,0.119184952631297,8.45759958605667,2.72937430779707e-17,3.59507832649551e-16,GNL2,GNL2,1.00801860603864,-1.4403470750659,TRUE
4656.10695591513,1.20755656799665,0.165144697163208,7.31211227935011,2.62975219353187e-13,2.21413922573628e-12,COPE,COPE,1.20755656799665,-1.4381688864064,TRUE
1620.03360767429,1.03301760667827,0.14342888248201,7.20229837116549,5.92059561643865e-13,4.78697785154176e-12,PDRG1,PDRG1,1.03301760667827,-1.43147289962835,TRUE
826.107567132442,3.55118953983759,0.187172495052617,18.9728172338532,2.8615199004178e-80,9.09649259075496e-78,KIF18A,KIF18A,3.55118953983759,-1.40657114740119,TRUE
1570.67171478141,3.13838059150574,0.22355963080474,14.0382258648783,9.0961351110212e-45,8.71724095363933e-43,CENPW,CENPW,3.13838059150574,-1.39902641477476,TRUE
5751.00197791969,1.15427424696388,0.132512409848281,8.71068791432782,3.02036168011028e-18,4.41109625303294e-17,NAT10,NAT10,1.15427424696388,-1.39880411253033,TRUE
7474.79209453813,1.57055130800473,0.126499488983236,12.4154755139988,2.15403240198859e-35,1.26462077978911e-33,DKC1,DKC1,1.57055130800473,-1.39617432066217,TRUE
10114.1967829846,1.92060360005377,0.169083168955039,11.3589283423265,6.69609907111889e-30,2.68534176133625e-28,NCAPD2,NCAPD2,1.92060360005377,-1.38035244544879,TRUE
8255.55908126136,1.11332695481478,0.124087496568576,8.97211230463906,2.9088161473763e-19,4.73013789854385e-18,SEC13,SEC13,1.11332695481478,-1.37340905239105,TRUE
2330.22624570112,1.7120806182269,0.129066440290365,13.2651107009319,3.68875734262159e-40,2.83642588938398e-38,BYSL,BYSL,1.7120806182269,-1.35926190205486,TRUE
2210.00934958708,4.00704676090954,0.202955254944205,19.7434984475328,9.12367686039537e-87,3.96378141199877e-84,CCNA2,CCNA2,4.00704676090954,-1.35551175475153,TRUE
12642.3708771698,1.54279014400839,0.158763639331858,9.71752821049626,2.53869217448823e-22,5.54238600606238e-21,PAICS,PAICS,1.54279014400839,-1.34148693343695,FALSE
4430.55746619907,1.08778669864529,0.162109415733254,6.71020059954571,1.94357040412534e-11,1.30406820397259e-10,NUP155,NUP155,1.08778669864529,-1.34006299671419,TRUE
1176.81017096621,1.03519404906345,0.129453609061291,7.99664108687252,1.27859245097834e-15,1.40155884859767e-14,RFC5,RFC5,1.03519404906345,-1.33886826893493,TRUE
1056.61687669762,1.93145381537134,0.178617204869496,10.8133693883662,2.97536729231878e-27,9.74358030262231e-26,FBXO5,FBXO5,1.93145381537134,-1.33690852946848,TRUE
762.379927962803,3.06770267077057,0.224096600910234,13.6891976866681,1.17802806373347e-42,1.03045830662216e-40,GINS4,GINS4,3.06770267077057,-1.33602343565822,TRUE
2575.88521985872,1.13361278525582,0.137195824666384,8.26273531291787,1.42371703255064e-16,1.73664164190442e-15,BRIX1,BRIX1,1.13361278525582,-1.32978294373253,TRUE
1682.08383849878,1.7281922655276,0.183171316679329,9.4348410922496,3.91587354009568e-21,7.62892941477384e-20,RRS1,RRS1,1.7281922655276,-1.31611181276223,TRUE
352.551310545429,2.47962554134851,0.175025662150401,14.1672113156627,1.46191561077558e-45,1.43262233932658e-43,CENPK,CENPK,2.47962554134851,-1.31437555536676,TRUE
4770.43987068869,4.93036885250312,0.222879300233948,22.1212505931591,1.97380447161686e-108,2.45005529341127e-105,BIRC5,BIRC5,4.93036885250312,-1.3042175732699,TRUE
5820.63711300839,1.76279387625991,0.149554192142353,11.786990728966,4.55528178959304e-32,2.12040232873789e-30,MCM6,MCM6,1.76279387625991,-1.29438142155874,TRUE
5051.98048518563,1.67572039289709,0.137252624822794,12.2090225601194,2.7821135358435e-34,1.51718312842746e-32,MCM5,MCM5,1.67572039289709,-1.29373625607912,TRUE
17402.1572202914,1.02429951039078,0.128872190553062,7.94818110870113,1.89269817618875e-15,2.04124796684783e-14,COPG1,COPG1,1.02429951039078,-1.28845209948287,TRUE
7923.63438079909,1.10522274753459,0.136309854599895,8.10816467216338,5.13900612892472e-16,5.87794966049498e-15,PRMT1,PRMT1,1.10522274753459,-1.27196787327659,TRUE
1837.72182450865,4.52233743347252,0.20604209976555,21.9486087484954,8.92924376914739e-107,9.3103438932146e-104,NDC80,NDC80,4.52233743347252,-1.26496639831056,TRUE
1803.33636459034,2.85635953708077,0.176768058314246,16.1587990744512,9.84611320056643e-59,1.6142052377306e-56,TONSL,TONSL,2.85635953708077,-1.26282012165075,TRUE
797.675727956188,1.98423469658827,0.175441450273102,11.3099537965487,1.17151199361293e-29,4.61993996028868e-28,MTBP,MTBP,1.98423469658827,-1.26102765509453,TRUE
1514.65206455273,1.06326743680834,0.144592261078619,7.35355702218536,1.93000615431976e-13,1.64840990906465e-12,HAUS5,HAUS5,1.06326743680834,-1.25722188867365,TRUE
236.57317089928,1.11407492562371,0.171424660086701,6.49891867984598,8.08993743019247e-11,5.02455084567136e-10,PPAN,PPAN,1.11407492562371,-1.25136780962508,TRUE
11212.3970074447,1.61344552947577,0.134342068453685,12.0099798078665,3.14921937748791e-33,1.58782788226262e-31,MCM3,MCM3,1.61344552947577,-1.24449231385355,TRUE
548.943033423215,1.10081359469151,0.150038854280125,7.33685684267004,2.18668280877592e-13,1.85971487035439e-12,TIPIN,TIPIN,1.10081359469151,-1.24126198133609,TRUE
4644.78645343785,1.15074934256743,0.124263553309725,9.26055397514028,2.03374269289025e-20,3.65610832934967e-19,EBNA1BP2,EBNA1BP2,1.15074934256743,-1.23478068045239,TRUE
2646.41506913702,1.10346396638339,0.161822030297059,6.81899716841859,9.16782080134155e-12,6.4206766477316e-11,RIOK1,RIOK1,1.10346396638339,-1.23290953939875,TRUE
13856.0474723159,1.18574997982886,0.242257842285762,4.89457830814068,9.85167433733318e-07,3.55831501941616e-06,WARS1,WARS1,1.18574997982886,-1.22093676114292,TRUE
30511.940671308,1.13153426462849,0.13860740408142,8.1635917801607,3.25206643409086e-16,3.7895223843293e-15,PGK1,PGK1,1.13153426462849,-1.21568962266453,FALSE
70.9653691764864,2.65554753645047,0.279338608551944,9.50655389248371,1.97083285663502e-21,3.9336676932546e-20,H2BC6,H2BC6,2.65554753645047,-1.2150984524728,TRUE
7.27400157513745,4.5397406578577,0.514236889125067,8.82811162299483,1.06457785864302e-18,1.63622352837545e-17,H2AC16,H2AC16,4.5397406578577,-1.21371840949827,TRUE
6414.88109924209,1.11076576154554,0.123191456518595,9.01658112450254,1.9405072204052e-19,3.21776092330168e-18,PSMA5,PSMA5,1.11076576154554,-1.21003401343451,TRUE
14822.2153577234,1.39156236057267,0.138885661356148,10.019481831204,1.25157385136734e-23,3.05189668695906e-22,CCT5,CCT5,1.39156236057267,-1.20604063035016,TRUE
1436.43135737572,1.86101719423222,0.20430190431007,9.10915246001695,8.30280304874277e-20,1.4220050398921e-18,EXOSC4,EXOSC4,1.86101719423222,-1.2047999181686,TRUE
1183.90920193572,4.76980167324394,0.230351287430516,20.7066421310223,3.01773017503687e-95,1.82937610401595e-92,PKMYT1,PKMYT1,4.76980167324394,-1.20275679646232,TRUE
659.836216555384,1.3567539267975,0.163599869097613,8.2931235475988,1.10312657590608e-16,1.36022707919318e-15,THOC3,THOC3,1.3567539267975,-1.19396171693161,TRUE
1157.81773846829,1.19322612022282,0.128029451453803,9.31993464529814,1.16411984980636e-20,2.16905733558987e-19,POLR3K,POLR3K,1.19322612022282,-1.1918000306544,TRUE
753.248058418524,3.71190748297388,0.208488831630362,17.8038672572873,6.59531536583243e-71,1.56290986946503e-68,ORC1,ORC1,3.71190748297388,-1.18896194708067,TRUE
12463.0120297297,1.58342955374143,0.221461122437307,7.14992110721228,8.68277878473626e-13,6.88154437767468e-12,TFRC,TFRC,1.58342955374143,-1.18667264652264,FALSE
7998.18536411991,1.40002488638171,0.138494653077479,10.1088731967037,5.04612934409515e-24,1.27706265643231e-22,ATP6V0B,ATP6V0B,1.40002488638171,-1.18452954870924,TRUE
6582.35152842278,1.24982960474924,0.146465660731557,8.53326027757408,1.42280097421568e-17,1.93368889441502e-16,CPSF1,CPSF1,1.24982960474924,-1.18158791066495,TRUE
5060.36897293468,1.27213312551767,0.112759343131449,11.2818422863166,1.61331498182916e-29,6.28614075206885e-28,ISG20L2,ISG20L2,1.27213312551767,-1.17934132073281,TRUE
3909.56051641806,2.36245144590071,0.154006715476396,15.3399248766057,4.13673423241983e-53,5.26010981641403e-51,CTPS1,CTPS1,2.36245144590071,-1.17368236929702,FALSE
3909.75258517715,1.08213390490318,0.164860034477613,6.56395534752919,5.23988985592016e-11,3.3346730682195e-10,ATP6V1F,ATP6V1F,1.08213390490318,-1.16771636201628,TRUE
5090.97166708063,2.28126472407129,0.19695613485193,11.5826030287725,5.04892786467437e-31,2.18985694922574e-29,SMC4,SMC4,2.28126472407129,-1.16395591871572,TRUE
1138.74224842872,1.57009066758426,0.128995189042009,12.171699419526,4.39828754723079e-34,2.33979921415643e-32,SPDL1,SPDL1,1.57009066758426,-1.16119187544207,TRUE
2972.27341815762,1.46581157242277,0.127559328674536,11.4912142267756,1.46044583954862e-30,6.09111067192221e-29,INTS7,INTS7,1.46581157242277,-1.15887916359728,TRUE
2249.56580108075,2.13559643851261,0.160788550135484,13.2820181332135,2.94352559266492e-40,2.27682141317497e-38,RFC4,RFC4,2.13559643851261,-1.15808878224918,TRUE
72712.8355947193,1.45223510108364,0.166058307066025,8.74533244823596,2.22359965767532e-18,3.29895118250556e-17,PKM,PKM,1.45223510108364,-1.1566367475598,TRUE
72599.063377245,1.12607381944924,0.12048605846208,9.34609226845643,9.09458510694738e-21,1.71913379247859e-19,YWHAZ,YWHAZ,1.12607381944924,-1.14521020373015,TRUE
1744.71463616286,1.54194133823057,0.178522332287738,8.63724621155694,5.75841940557755e-18,8.15343392966811e-17,PPAT,PPAT,1.54194133823057,-1.12817963633895,TRUE
2261.62776076086,1.07867028014363,0.138990246453121,7.76076241081744,8.44203368671311e-15,8.40880749375432e-14,CHD4,CHD4,1.07867028014363,-1.12470418775342,TRUE
27128.785803445,1.41932437707878,0.166047758935249,8.54768764227801,1.25579024331479e-17,1.72287811960456e-16,RAD21,RAD21,1.41932437707878,-1.12296882020255,TRUE
313.453411808843,1.91001386845266,0.247051164315333,7.73124819608113,1.06497157471406e-14,1.0479657998517e-13,FCGR1A,FCGR1A,1.91001386845266,-1.11412250219034,TRUE
2930.2955528209,4.56280922684603,0.214027358886353,21.3188129339523,7.59608040311502e-101,5.82373611376468e-98,BUB1,BUB1,4.56280922684603,-1.10531365195565,TRUE
2393.00209221982,1.52417827720455,0.165186800040466,9.22699802182241,2.78322752852416e-20,4.93540081537683e-19,MAD2L2,MAD2L2,1.52417827720455,-1.10491770790926,TRUE
1291.02411583283,2.02737284401887,0.172506393179207,11.7524504840394,6.86001878360766e-32,3.15936589456362e-30,POP1,POP1,2.02737284401887,-1.10191984721805,TRUE
11466.1730566632,1.19876652481639,0.168591525505351,7.11047913721111,1.15640783076108e-12,9.01707535879425e-12,AHCY,AHCY,1.19876652481639,-1.09507798610525,FALSE
4174.65653694901,1.28779887193928,0.176557988680855,7.29391448985692,3.01076566909322e-13,2.51302045136897e-12,ANAPC11,ANAPC11,1.28779887193928,-1.09270822013243,TRUE
1132.24653447028,1.02393758228159,0.140335444848244,7.29635754807959,2.9566256466166e-13,2.47258135163154e-12,PMF1,PMF1,1.02393758228159,-1.09081365029258,TRUE
1287.94724121976,1.91570420794453,0.161448103974959,11.8657584745725,1.78279465293142e-32,8.52699233357126e-31,WDHD1,WDHD1,1.91570420794453,-1.08668940391259,TRUE
2336.2617791176,1.46024881194213,0.152252169384213,9.59098854123479,8.72450527448842e-22,1.80064670617648e-20,PSMG1,PSMG1,1.46024881194213,-1.08313033944402,FALSE
3022.4941517296,1.71551537749925,0.138474780864162,12.3886484368739,3.01074800787994e-35,1.75181179288854e-33,TIMELESS,TIMELESS,1.71551537749925,-1.08311971322033,TRUE
15093.2833369741,2.84736456685292,0.181096415269446,15.7229206476365,1.0535309465828e-55,1.48445357754453e-53,HMGA1,HMGA1,2.84736456685292,-1.07780422169982,TRUE
3603.47992083773,1.14745192993143,0.139505938634984,8.22511171322764,1.95009013260072e-16,2.33500227315126e-15,POLE,POLE,1.14745192993143,-1.07428305057858,TRUE
7645.01606566974,1.08006255593494,0.122745266304198,8.79921962333143,1.37770825369763e-18,2.08189687241369e-17,TUBA1B,TUBA1B,1.08006255593494,-1.06994206205143,TRUE
1977.88853453624,1.05995903476397,0.139491707640534,7.59872434492994,2.99064043195233e-14,2.79716627698964e-13,CSTF3,CSTF3,1.05995903476397,-1.05725790060235,TRUE
5304.57013093034,1.9261633911654,0.165994319685947,11.6037909900147,3.94219755824528e-31,1.72129420018057e-29,TOMM40,TOMM40,1.9261633911654,-1.04943748460313,TRUE
6134.94054716189,2.50267865408186,0.197266304573844,12.686802540801,6.99850251422393e-37,4.43868528073662e-35,BOP1,BOP1,2.50267865408186,-1.04748720693021,TRUE
6126.6914671818,1.212560556618,0.131871537681511,9.19501340423064,3.74947847940283e-20,6.57723119263752e-19,CAD,CAD,1.212560556618,-1.04580356662215,FALSE
3969.22250341462,3.29263985395445,0.157087084419785,20.9606019878471,1.50175878404633e-97,9.54788932286235e-95,CCNB1,CCNB1,3.29263985395445,-1.03468135010751,TRUE
4323.17861472273,1.42639814222502,0.177296095842874,8.04528794299647,8.60428721937213e-16,9.60547986926652e-15,SEC61G,SEC61G,1.42639814222502,-1.03245743182649,TRUE
1370.73373697498,3.91283054191,0.199785026374986,19.5852042212904,2.06775757450858e-85,8.42191198354924e-83,BUB1B,BUB1B,3.91283054191,-1.02547211077152,TRUE
22971.4668622266,1.71459290602305,0.132689059677271,12.9218860258209,3.38735267558768e-38,2.30543399985754e-36,ILF2,ILF2,1.71459290602305,-1.02479164690488,TRUE
4670.02046329864,1.35315027705875,0.159128816091445,8.50348987879821,1.83974583334025e-17,2.48094436821937e-16,TBCB,TBCB,1.35315027705875,-1.02249982588314,TRUE
4.23178511151008,4.32756446048032,0.52198282084647,8.29062621919732,1.1265377801634e-16,1.38843783997728e-15,H2AC17,H2AC17,4.32756446048032,-1.01454873650587,TRUE
1028.18016683185,1.04612135094191,0.11366546327854,9.20351108215134,3.46440637750355e-20,6.09356822148348e-19,C1orf131,C1ORF131,1.04612135094191,-1.00603044477534,TRUE
1305.66694031853,1.99395495053425,0.125142453798751,15.9334813247377,3.71107602198757e-57,5.6242220154157e-55,DBF4,DBF4,1.99395495053425,-1.00339753161962,TRUE
11279.3172605756,1.37358844127058,0.131675504742083,10.4316170571062,1.77835715605694e-25,5.14995470780116e-24,SMG5,SMG5,1.37358844127058,-0.998138116640455,TRUE
5960.82170052431,1.03013931174758,0.134223154726566,7.67482565766043,1.6564378446409e-14,1.59036336266131e-13,PES1,PES1,1.03013931174758,-0.995498659767449,TRUE
3106.66858728231,1.16095530204609,0.168463276125514,6.89144440703574,5.52287052395708e-12,3.96924913007966e-11,LAMTOR2,LAMTOR2,1.16095530204609,-0.98844271928181,TRUE
3327.63440553088,1.18455773865639,0.118853645457604,9.96652424160548,2.13572355012053e-23,5.13105122405455e-22,INTS8,INTS8,1.18455773865639,-0.987021266930963,TRUE
252.882309888731,3.31053353940823,0.321729077541442,10.2898176462828,7.83245643873558e-25,2.14237819505268e-23,H2BC9,H2BC9,3.31053353940823,-0.975664143657652,TRUE
3989.71516182769,1.12318507933048,0.119162804121758,9.42563484980455,4.27511465191727e-21,8.31017253031524e-20,FARSA,FARSA,1.12318507933048,-0.968782998395303,TRUE
5592.06333513529,1.01451531992505,0.123128872640028,8.23945917941622,1.72990817620944e-16,2.08091907841493e-15,SMARCB1,SMARCB1,1.01451531992505,-0.96297677175185,TRUE
1978.08483299591,1.31029771371012,0.142191958464278,9.21499167647583,3.11302456733348e-20,5.4977785499107e-19,URB2,URB2,1.31029771371012,-0.957922872447474,TRUE
2104.75715855342,3.92780496809447,0.169675997170333,23.1488544850068,1.49289149557335e-118,5.55931465930152e-115,AURKA,AURKA,3.92780496809447,-0.950396738203879,TRUE
2921.99464599044,1.02812588792,0.130321971408039,7.8891216639206,3.04320734161053e-15,3.19997118893755e-14,TMEM258,TMEM258,1.02812588792,-0.94265015475161,TRUE
26445.13499566,1.2809080110798,0.130253288608877,9.83397828001174,8.03793268457031e-23,1.82354039415748e-21,PFN1,PFN1,1.2809080110798,-0.939944925291299,FALSE
11698.3361727027,1.37939392886706,0.164257082953073,8.39777441598151,4.55020259433796e-17,5.81422210914743e-16,HYOU1,HYOU1,1.37939392886706,-0.939476972305911,TRUE
1512.10946014023,1.01348070959937,0.153801609008812,6.58953255515878,4.41213483308075e-11,2.8341823236549e-10,RRP9,RRP9,1.01348070959937,-0.939239492185481,TRUE
9986.52628380231,1.45649256117356,0.131198624060148,11.1014316774072,1.23450337204907e-28,4.53875873049409e-27,GARS1,GARS1,1.45649256117356,-0.93557636491546,TRUE
2120.12803774015,1.22084879778996,0.17212519775784,7.09279532394526,1.31429770930805e-12,1.01691298274067e-11,ATP5MF,ATP5MF,1.22084879778996,-0.934346723337898,TRUE
24.2500098929816,2.0447494057868,0.210620383555406,9.7082218314777,2.78147006604128e-22,6.03199502591497e-21,PRC1,PRC1,2.0447494057868,-0.926473299389267,TRUE
5400.05516927711,1.31879421465507,0.114525880950691,11.5152505591542,1.10537778461479e-30,4.63245702758099e-29,SNRPC,SNRPC,1.31879421465507,-0.92160203540958,TRUE
1965.03635207739,4.34483836950476,0.205834586184066,21.1083980105239,6.65918236150868e-99,4.56802385835386e-96,TTK,TTK,4.34483836950476,-0.917062965257246,TRUE
1812.04173616254,1.11091963111383,0.154371768701368,7.1963911566169,6.18270991299305e-13,4.98807487780841e-12,SNRNP25,SNRNP25,1.11091963111383,-0.91353870616946,TRUE
1804.64309537879,3.34314086300123,0.194280379048444,17.2078152172414,2.32021480263761e-66,4.87750316615763e-64,CENPE,CENPE,3.34314086300123,-0.912367845840784,TRUE
5113.97787490555,1.12077791485714,0.165732296134167,6.76258002212086,1.35555761515749e-11,9.28167069984508e-11,AP2S1,AP2S1,1.12077791485714,-0.911268937030416,FALSE
739.043360140109,1.06871269278174,0.152548472291044,7.00572530639812,2.45709577121464e-12,1.83837874478335e-11,RPP38,RPP38,1.06871269278174,-0.909420290939557,TRUE
6576.52526374853,1.1683175840966,0.138031337178148,8.4641474029099,2.58033309470636e-17,3.40909998883481e-16,NUP205,NUP205,1.1683175840966,-0.906674836681019,TRUE
1784.61489651283,1.67292288827513,0.147939926433613,11.3081230240157,1.19621085660639e-29,4.71021577026566e-28,CHAF1A,CHAF1A,1.67292288827513,-0.905565216484488,TRUE
7956.82536841684,4.65413278888943,0.191676604643507,24.2811729555909,3.09937478557257e-130,4.03957012677601e-126,TPX2,TPX2,4.65413278888943,-0.905031269108209,TRUE
1582.12192002291,1.37717235141458,0.175151541216617,7.8627475490574,3.75797909885684e-15,3.90898807541506e-14,MMS22L,MMS22L,1.37717235141458,-0.903811213408494,TRUE
3392.70956895697,1.12750743917893,0.140565447065945,8.02122756846476,1.04693561507406e-15,1.15686607368103e-14,SEH1L,SEH1L,1.12750743917893,-0.901007912508717,TRUE
679.575424999333,3.6883721781886,0.211920312020287,17.404524101661,7.62369204310379e-68,1.71316190075506e-65,CENPM,CENPM,3.6883721781886,-0.899764846055049,TRUE
12940.1340635808,1.01713518577283,0.138819005719463,7.32706001243331,2.35256494686124e-13,1.99428651934413e-12,SLC3A2,SLC3A2,1.01713518577283,-0.890346289264336,FALSE
2823.91912960793,1.12491179404216,0.177984196519656,6.32029031812343,2.61072356475008e-10,1.522114318102e-09,RRP7A,RRP7A,1.12491179404216,-0.88909463045532,TRUE
3844.67366119587,1.03005491673075,0.120184340936293,8.57062499745087,1.02924898355573e-17,1.42003055997259e-16,WDR46,WDR46,1.03005491673075,-0.886339464443931,TRUE
12314.2655393666,1.30012276994847,0.177608271787642,7.32017015233933,2.47656733247357e-13,2.09192095449088e-12,TXN,TXN,1.30012276994847,-0.886102379011537,TRUE
635.984905843742,1.14755542224008,0.127211413710609,9.02085267954518,1.86630922374862e-19,3.09866767741753e-18,GINS3,GINS3,1.14755542224008,-0.884473993586086,TRUE
137317.439991383,1.24177187802515,0.14667227874377,8.46630248511013,2.53305811938658e-17,3.3517373603071e-16,PABPC1,PABPC1,1.24177187802515,-0.878985634980405,TRUE
1844.11897396113,1.35915970697707,0.113724809054391,11.9513034867091,6.39148225130822e-33,3.16162216724283e-31,DSN1,DSN1,1.35915970697707,-0.877951352420328,TRUE
1860.45806013087,1.39071942117047,0.13711396104769,10.1427995409363,3.56727063212236e-24,9.19763042211015e-23,DTYMK,DTYMK,1.39071942117047,-0.871504260707146,TRUE
1015.95317279581,1.02411311358581,0.136711850182665,7.49103396828778,6.83331276669014e-14,6.14856623711812e-13,CSNK2B,CSNK2B,1.02411311358581,-0.869915595629066,TRUE
403.439491866984,4.09274763436397,0.207181224321482,19.7544330948314,7.34760223603194e-87,3.24627029638381e-84,SGO1,SGO1,4.09274763436397,-0.863755948096746,TRUE
98.4429641889003,1.81939118137982,0.339317757337099,5.36190972042858,8.23466953422044e-08,3.44713555080334e-07,ZNF492,ZNF492,1.81939118137982,-0.86022324020881,TRUE
14249.6875736694,1.25533673024112,0.134884013064839,9.30678663629084,1.31758217874797e-20,2.43067336542273e-19,SLC39A7,SLC39A7,1.25533673024112,-0.85477820211697,TRUE
2163.02729982005,1.85408601467108,0.143730747279644,12.8997173518047,4.51751065937119e-38,3.05864806124231e-36,INCENP,INCENP,1.85408601467108,-0.853574644953523,TRUE
19.0778316229181,4.73752857045725,0.507184355104953,9.34084129917001,9.55716609954326e-21,1.80265302978867e-19,H2AC12,H2AC12,4.73752857045725,-0.843423751522861,TRUE
13293.633115662,1.08214419733851,0.124382015660234,8.70016610998277,3.31398720812171e-18,4.81525666410862e-17,SSRP1,SSRP1,1.08214419733851,-0.837275427115833,TRUE
1341.13918155106,1.36266824111867,0.199186781558565,6.84115798476327,7.85555632721554e-12,5.54033514019284e-11,NAA10,NAA10,1.36266824111867,-0.836440617412814,TRUE
9586.1052901375,1.23914269405267,0.147464753573033,8.40297538244608,4.3530596882629e-17,5.5732419888973e-16,NASP,NASP,1.23914269405267,-0.833937262541838,TRUE
4910.02371228957,1.06534571531422,0.128691127404337,8.27831519392158,1.24930192330399e-16,1.53249662281248e-15,PRPF3,PRPF3,1.06534571531422,-0.829539158367863,TRUE
7644.38331047154,1.00733854851395,0.183518854428827,5.48901937977508,4.04171282731217e-08,1.76770685016017e-07,ELOB,ELOB,1.00733854851395,-0.82816514361441,TRUE
5210.81895207188,1.08692802706302,0.16836596524426,6.45574671511634,1.07686587145251e-10,6.58472030756572e-10,MRPS21,MRPS21,1.08692802706302,-0.82031396696209,TRUE
2788.03768788694,4.20519563795688,0.194484829836081,21.6222295667029,1.10984232162384e-103,9.97595165440294e-101,CDCA5,CDCA5,4.20519563795688,-0.814903924644337,TRUE
2851.55818061073,1.00806258034776,0.192823834647193,5.22789406295229,1.71451695418982e-07,6.88103363277382e-07,TIMM13,TIMM13,1.00806258034776,-0.810726701805339,TRUE
175.92212993161,1.99405010276577,0.275221861650244,7.24524603826652,4.31654888753753e-13,3.54057519985654e-12,H2BC15,H2BC15,1.99405010276577,-0.809530572204524,TRUE
1649.45882603539,3.86992682072474,0.183241362874932,21.1192863882271,5.28878113137218e-99,3.72601777706699e-96,NCAPH,NCAPH,3.86992682072474,-0.800595469150119,TRUE
3161.26476122844,1.14841900462728,0.123793254731356,9.27691098452387,1.74463116968373e-20,3.1669429456926e-19,RRP12,RRP12,1.14841900462728,-0.798745750979947,TRUE
1569.66876686991,4.34032822400257,0.224360654728796,19.3453180516392,2.23223030784099e-83,8.43297788905669e-81,MCM10,MCM10,4.34032822400257,-0.798394251641188,TRUE
2486.29702383066,1.27793574629751,0.157487700944129,8.11451141032828,4.87743206317273e-16,5.59102997320684e-15,TUBG1,TUBG1,1.27793574629751,-0.797693797346438,TRUE
1166.58042766606,3.98862065052163,0.212587852827992,18.7622227585547,1.53830047193014e-78,4.3585737393264e-76,CLSPN,CLSPN,3.98862065052163,-0.797019942819599,TRUE
6101.1527781963,1.15614612456474,0.142629880532992,8.10591806039763,5.23487171726567e-16,5.98234989276476e-15,NOC2L,NOC2L,1.15614612456474,-0.796907769764773,TRUE
2914.44132462562,1.88288500994316,0.162739150786408,11.5699572035644,5.85118495190805e-31,2.52940030085219e-29,NCAPG2,NCAPG2,1.88288500994316,-0.796711368115329,TRUE
774.273726309371,1.02508789274909,0.150759177028014,6.79950576115583,1.04978667108447e-11,7.29144395288004e-11,MARS2,MARS2,1.02508789274909,-0.786777661883404,TRUE
540.950208994231,2.92983928540179,0.180501901623651,16.2316255897987,3.01371263515661e-59,5.00372275545397e-57,CENPI,CENPI,2.92983928540179,-0.783110461752651,TRUE
4123.26326292911,5.40520303110366,0.22333778912954,24.2019187714289,2.12361023084496e-129,1.84520492958118e-125,UBE2C,UBE2C,5.40520303110366,-0.780902612723293,TRUE
10160.6857771297,1.04609403122288,0.112720112310491,9.280455898956,1.68754933821221e-20,3.07402855340165e-19,RNPS1,RNPS1,1.04609403122288,-0.77562367443109,TRUE
1011.07786360459,4.31052242110713,0.200907526936911,21.4552559917813,4.07859658821948e-102,3.32239928953491e-99,SKA3,SKA3,4.31052242110713,-0.775257079717253,TRUE
5106.03491050455,2.06172140792679,0.137098341003232,15.0382666401352,4.12202501844855e-51,4.9744826924027e-49,TUBA1C,TUBA1C,2.06172140792679,-0.774657970403341,TRUE
3207.22448469199,1.65351519388186,0.175643483572561,9.41404235585413,4.77414402990166e-21,9.21151831439279e-20,RRP1,RRP1,1.65351519388186,-0.769274396419851,TRUE
2725.75813285351,1.4337179572434,0.15347615699252,9.3416331587797,9.48594634677033e-21,1.79051530355729e-19,INTS13,INTS13,1.4337179572434,-0.767639764652766,FALSE
2147.76355315974,1.29615707607695,0.142571932709964,9.09124994969203,9.79069078140016e-20,1.66371536244301e-18,TSEN54,TSEN54,1.29615707607695,-0.764763229074114,TRUE
1254.93135674143,1.68734697473483,0.1819113169557,9.27565696831131,1.76527765794943e-20,3.2021915594828e-19,BARD1,BARD1,1.68734697473483,-0.761233754043223,TRUE
5665.73646044477,1.17731291626739,0.123249892243558,9.55224296619151,1.2691818748006e-21,2.58265136068909e-20,SRPRB,SRPRB,1.17731291626739,-0.756403069946478,TRUE
7923.10138258462,1.39881584593375,0.140097200298721,9.98460956358255,1.7800045450997e-23,4.29623874788092e-22,SMS,SMS,1.39881584593375,-0.754667200686229,FALSE
2630.2599912723,1.18977107597164,0.206311266783177,5.76687397892831,8.07553909900933e-09,3.86886744521e-08,ROMO1,ROMO1,1.18977107597164,-0.751135376614435,TRUE
6586.8391340733,1.27273586191252,0.142141429304553,8.95401058044482,3.42795964090748e-19,5.53634597023143e-18,PPP4C,PPP4C,1.27273586191252,-0.750244242133601,TRUE
1852.44670466389,1.89186478228667,0.187833559029775,10.0720275549204,7.3448082495665e-24,1.83388042760009e-22,NFKBIE,NFKBIE,1.89186478228667,-0.746835972326807,FALSE
3674.87515196042,1.04864987084407,0.157920294305244,6.64037434490294,3.12887474547689e-11,2.05338313168042e-10,TAF2,TAF2,1.04864987084407,-0.746300527686987,TRUE
45.3027708684275,1.9346230406826,0.276594477635117,6.99443841837925,2.66323528728565e-12,1.98123727835831e-11,H2AC20,H2AC20,1.9346230406826,-0.743459233869177,TRUE
1158.46440558231,3.60052115786482,0.206278804325442,17.4546346127949,3.17402099465088e-68,7.19453958848388e-66,KNL1,KNL1,3.60052115786482,-0.743453061460626,TRUE
933.157121849268,4.69273453481328,0.20565682227113,22.8182779593207,3.01957621318812e-115,7.15557210447043e-112,CENPA,CENPA,4.69273453481328,-0.73063383707577,TRUE
3552.80719828869,1.07545311344884,0.138999295279167,7.73711198527223,1.0170047610187e-14,1.00341646879162e-13,MRTO4,MRTO4,1.07545311344884,-0.729127123777742,TRUE
1427.53890849102,1.52027209960995,0.135471720554659,11.2220623860503,3.17771921371222e-29,1.21635252193592e-27,MASTL,MASTL,1.52027209960995,-0.729039060110317,TRUE
913.437416905598,2.21990037057998,0.203194787401715,10.9249868019068,8.75531291097221e-28,2.98332995621324e-26,BRCA2,BRCA2,2.21990037057998,-0.728320381251386,FALSE
681.165357312356,1.4112289976466,0.133529002843198,10.5687076784644,4.16190061063278e-26,1.2675303483164e-24,CENPH,CENPH,1.4112289976466,-0.72279849379137,TRUE
84.6949236135178,3.04277842194849,0.18641628814112,16.3224922687284,6.8289737857035e-60,1.16346967105839e-57,OIP5,OIP5,3.04277842194849,-0.721992734397251,TRUE
26996.0599614919,1.17349096556192,0.123401811942625,9.50951162781571,1.91559720603916e-21,3.82928469093733e-20,RPN1,RPN1,1.17349096556192,-0.720988149279941,TRUE
34578.1626004145,1.69196734673357,0.161320140758704,10.4882585570288,9.78145417937473e-26,2.89742234197456e-24,TPI1,TPI1,1.69196734673357,-0.718180512307474,TRUE
6841.28359477469,1.3350157526136,0.174308587570382,7.65892129138246,1.87501260196303e-14,1.79032796686338e-13,USP1,USP1,1.3350157526136,-0.717897103131053,FALSE
601.578874912677,1.43034014330812,0.17847597906971,8.01418852421283,1.10866542338429e-15,1.22196962331324e-14,RPP40,RPP40,1.43034014330812,-0.717846800302892,TRUE
1262.65459048134,1.85526114533364,0.266660085996475,6.95740098635598,3.46607383261195e-12,2.54866421987858e-11,H2BC5,H2BC5,1.85526114533364,-0.717708418174461,TRUE
2323.36779027755,4.27197648847305,0.206898686880239,20.6476732785927,1.02435876106479e-94,6.0686272328809e-92,PTTG1,PTTG1,4.27197648847305,-0.712356721685777,TRUE
678.325560232583,2.26373904713253,0.156601375976997,14.4554224572397,2.31703774185658e-47,2.42563143843274e-45,CENPN,CENPN,2.26373904713253,-0.708103509138806,TRUE
16708.8918004836,1.23507068219757,0.145221268525364,8.50475067969712,1.81986261168484e-17,2.45667315892225e-16,EIF5A,EIF5A,1.23507068219757,-0.707200508248159,TRUE
398.761163543971,1.4436660786273,0.160543176425199,8.99238516873336,2.41922209910412e-19,3.9636620023474e-18,BORA,BORA,1.4436660786273,-0.704234094377536,TRUE
746.035013011823,1.43543565416391,0.12942453583254,11.0909082650386,1.38870533794672e-28,5.06285063556044e-27,HAUS8,HAUS8,1.43543565416391,-0.695617427665644,TRUE
2021.93846615137,1.60455032149419,0.190754730462172,8.41158862800723,4.04494364980163e-17,5.2079465421791e-16,DDX11,DDX11,1.60455032149419,-0.693470594018309,TRUE
6173.15382256037,1.63497336868499,0.134224279428687,12.180906283454,3.92891556520833e-34,2.10297827594016e-32,XPO5,XPO5,1.63497336868499,-0.689741688556744,TRUE
90961.2941275947,1.36524386367621,0.164755858391626,8.28646627199756,1.16662757859876e-16,1.43581119411397e-15,ENO1,ENO1,1.36524386367621,-0.687045428314054,FALSE
7938.48109562767,1.0147689482749,0.12099470192501,8.38688745978182,4.99182454563171e-17,6.35671179438114e-16,PDAP1,PDAP1,1.0147689482749,-0.682046209218468,TRUE
9.66109266977525,3.0014359710873,0.353329277968791,8.49472760463514,1.9839765012889e-17,2.65893652746004e-16,H2BC13,H2BC13,3.0014359710873,-0.675269765119428,TRUE
1749.54502160873,1.01411529560735,0.117498654941966,8.63086727340188,6.08885069775665e-18,8.59329026196116e-17,PDCL3,PDCL3,1.01411529560735,-0.672389458041228,FALSE
5012.81596977998,1.14189599972035,0.251428676668116,4.54162991609603,5.58209696393926e-06,1.79906678485416e-05,CDK6,CDK6,1.14189599972035,-0.670896215220772,FALSE
2335.31880477053,1.11745431684451,0.137735464927653,8.11304711848519,4.93659177067964e-16,5.65635770049697e-15,TIMM44,TIMM44,1.11745431684451,-0.670005320461624,TRUE
921.513341069619,2.53850337556777,0.166902588010399,15.2094907923752,3.05913339109106e-52,3.77926209031141e-50,PLK4,PLK4,2.53850337556777,-0.66574059434046,TRUE
2770.34457344047,3.06917621959045,0.257805395724014,11.9050115726673,1.11447843611042e-32,5.40989001752148e-31,SLC16A3,SLC16A3,3.06917621959045,-0.662657614412258,FALSE
1717.65063225363,1.05780879309264,0.129539204007948,8.16593556517247,3.18953499857542e-16,3.72164766373614e-15,RNF8,RNF8,1.05780879309264,-0.661686804243263,TRUE
3485.28954496908,1.36160617037288,0.132270653686529,10.2940911866949,7.49237144123402e-25,2.05582785640681e-23,FAM136A,FAM136A,1.36160617037288,-0.660976719524453,TRUE
25.6755785416116,1.40948904205738,0.340695031074947,4.13709891104141,3.51724519312836e-05,9.96132447297662e-05,CD177,CD177,1.40948904205738,-0.657940135933098,FALSE
3166.61643116029,2.34050105017456,0.145577447855736,16.0773600901009,3.67718018769975e-58,5.84469853370545e-56,FEN1,FEN1,2.34050105017456,-0.6578910251617,TRUE
2705.60105789674,1.11544395865291,0.147416280071325,7.56662668541916,3.83040623908299e-14,3.53942571549721e-13,NCAPD3,NCAPD3,1.11544395865291,-0.655000960502325,TRUE
3624.48962697232,1.15528252616029,0.129162112226419,8.9444381656991,3.73846600903777e-19,6.01918427780034e-18,ELOC,ELOC,1.15528252616029,-0.64691181176802,TRUE
4350.95553520651,1.4595987968874,0.146063203962608,9.9929260572776,1.6367747966444e-23,3.95786721930702e-22,MRPL15,MRPL15,1.4595987968874,-0.643689383889507,FALSE
9668.42907667423,1.03398530668263,0.118040923579321,8.75954944547528,1.96032338729618e-18,2.91665238222885e-17,NOLC1,NOLC1,1.03398530668263,-0.643234241591084,TRUE
2789.17751311369,4.61141518709644,0.201383529872057,22.8986709589715,4.79002964842657e-116,1.38735225383928e-112,KIF20A,KIF20A,4.61141518709644,-0.639701193980228,TRUE
8689.7270350819,1.10670411855926,0.133622886782523,8.28229463684965,1.20824203007812e-16,1.48422455221708e-15,CYCS,CYCS,1.10670411855926,-0.634639036605898,FALSE
28275.3308193224,1.00452296332771,0.120075886052368,8.36573433977919,5.97416662491828e-17,7.55230850687415e-16,RPN2,RPN2,1.00452296332771,-0.629628473604492,TRUE
1601.58818068975,1.29568919634567,0.171154430959088,7.57029303352005,3.72383270068383e-14,3.4446113203948e-13,EXOSC5,EXOSC5,1.29568919634567,-0.625469488869827,TRUE
1096.36280847632,1.06136952634219,0.230172848842836,4.61118473216142,4.00380529414496e-06,1.3187901146112e-05,BRCA1,BRCA1,1.06136952634219,-0.614347212210979,FALSE
5172.05453432239,1.22540394945985,0.0954749369865722,12.8348233383196,1.04641393080994e-37,6.90553719858805e-36,NUP62,NUP62,1.22540394945985,-0.614161827391202,TRUE
6596.74081537305,2.36230512900058,0.18884088119156,12.5095006658238,6.62393006793099e-36,4.02484813708059e-34,PPP1R14B,PPP1R14B,2.36230512900058,-0.613712951345531,TRUE
1296.34015480351,1.67599955524355,0.131850223803492,12.7113895365201,5.11179572609426e-37,3.25792614161611e-35,MIS18A,MIS18A,1.67599955524355,-0.60926062373926,TRUE
5721.22566306002,1.45262744279378,0.131191137210561,11.0726034828277,1.70377598748507e-28,6.15982367070364e-27,UBQLN4,UBQLN4,1.45262744279378,-0.608114202767679,TRUE
1891.87970715283,1.029865055132,0.156025620920222,6.60061500834266,4.0945559942053e-11,2.64517450064311e-10,MRPL4,MRPL4,1.029865055132,-0.60575045690623,FALSE
612.476063509786,1.55087455954958,0.163151940787974,9.50570708542806,1.98693508107168e-21,3.95974287142931e-20,ATAD5,ATAD5,1.55087455954958,-0.605159422925891,FALSE
696.66677956473,1.53556327054086,0.218395128275128,7.03112419525401,2.04876034076903e-12,1.54842086989928e-11,EPOP,EPOP,1.53556327054086,-0.598323352213147,TRUE
409.7962755434,1.39439181709695,0.153662396476854,9.07438546493701,1.14320783718535e-19,1.92880250433078e-18,FAAP24,FAAP24,1.39439181709695,-0.597568549328922,FALSE
2986.43718084341,1.70111330970568,0.160445553141462,10.6024335134164,2.90325668445342e-26,8.96672890919992e-25,CKS1B,CKS1B,1.70111330970568,-0.595978652665426,TRUE
10948.7526155538,1.99093220635973,0.145461438444025,13.6870103008493,1.21402491159848e-42,1.05839422644273e-40,H2AZ1,H2AZ1,1.99093220635973,-0.595229195188656,TRUE
8221.79733328721,1.27912341287298,0.164319754763537,7.78435565896314,7.00693886261975e-15,7.0904454709592e-14,CYC1,CYC1,1.27912341287298,-0.590482908964312,FALSE
5933.94258303336,1.06576295135406,0.172464481585335,6.17960835504978,6.42608166263179e-10,3.5339382004182e-09,FBLIM1,FBLIM1,1.06576295135406,-0.574418404826289,FALSE
2258.39107336755,1.67702894934711,0.176879553357388,9.48119167826393,2.51395461320992e-21,4.9644890077684e-20,MRPS12,MRPS12,1.67702894934711,-0.558436283222575,FALSE
4857.3081568113,4.72647267002077,0.217958698139481,21.6851757253391,2.83173886938378e-104,2.63624775386525e-101,ANLN,ANLN,4.72647267002077,-0.551914567724093,TRUE
4339.12856858834,1.01189491479033,0.150421281380971,6.72707282839531,1.73110109970787e-11,1.16825867829279e-10,HS6ST1,HS6ST1,1.01189491479033,-0.551147479569225,FALSE
4645.68933284462,1.1643675224894,0.134189244331157,8.67705551434462,4.06146885935102e-18,5.85242171126054e-17,TCOF1,TCOF1,1.1643675224894,-0.550852635703038,FALSE
1649.25866771154,1.71437890788871,0.126144351947268,13.590611719226,4.55259413592059e-42,3.82814423680781e-40,BAK1,BAK1,1.71437890788871,-0.548080353393504,FALSE
10120.272590081,1.11375072326672,0.117345604776843,9.49120101587738,2.28387511407699e-21,4.5238429026326e-20,DAP3,DAP3,1.11375072326672,-0.543896366730466,TRUE
1628.75973850436,4.77480082998573,0.190981110185898,25.0014298552251,5.8983791441235e-138,1.53753049149867e-133,HJURP,HJURP,4.77480082998573,-0.543487201212436,TRUE
1621.17583816346,1.51106298067704,0.125383073102855,12.0515707844988,1.90288671639657e-33,9.76428110950973e-32,MRGBP,MRGBP,1.51106298067704,-0.541512891055791,TRUE
5420.42123225311,1.36150777098933,0.175164020298841,7.7727593181894,7.67945743878734e-15,7.71705539926252e-14,SLC7A1,SLC7A1,1.36150777098933,-0.536826758321801,FALSE
827.934741012335,4.90505221744839,1.32995384137786,3.68813718554822,0.000225901851360832,0.000559857725748508,SMR3B,SMR3B,4.90505221744839,-0.536197310239007,FALSE
4818.00704605275,1.0614226418458,0.120757224321636,8.78972374372167,1.49928175368641e-18,2.25775721971945e-17,TIPRL,TIPRL,1.0614226418458,-0.533153239337527,FALSE
355.165993213401,1.0391721216672,0.19496418585292,5.33006673569856,9.81766833183547e-08,4.06863530057163e-07,GFER,GFER,1.0391721216672,-0.530011851207107,TRUE
2066.79858408477,1.51833775148891,0.146423907080989,10.3694661736426,3.41426721700659e-25,9.6111990870098e-24,POP7,POP7,1.51833775148891,-0.526028947917456,TRUE
7535.99777591436,1.01970544195169,0.18215828057024,5.59790880084912,2.16952821579936e-08,9.84559401135828e-08,COX6C,COX6C,1.01970544195169,-0.523383694026829,FALSE
2155.29513563701,1.3757764193278,0.178080779543079,7.72557500510595,1.11349552579949e-14,1.09406286735828e-13,CACNB3,CACNB3,1.3757764193278,-0.517998757990963,FALSE
3780.50996740559,1.1040413347538,0.133057046014743,8.29750372356437,1.06321768667955e-16,1.31350215349175e-15,TSEN34,TSEN34,1.1040413347538,-0.517297660148152,FALSE
957.510925158113,2.02521189398877,0.140181758557183,14.4470430021225,2.61681363948747e-47,2.7284992456208e-45,CENPL,CENPL,2.02521189398877,-0.51688049219025,TRUE
3339.05111818406,2.57030490193714,0.188629032939218,13.6262422697431,2.79611438729918e-42,2.3975761096621e-40,H2AX,H2AX,2.57030490193714,-0.515869354236694,TRUE
4372.30501115915,1.18647865223885,0.125541728247648,9.45087078854266,3.36023486252513e-21,6.57591908118939e-20,YEATS2,YEATS2,1.18647865223885,-0.509364594979415,TRUE
4580.01021192157,1.20422864465878,0.189943980775099,6.33991474615155,2.29892339082033e-10,1.34998954783766e-09,DRAP1,DRAP1,1.20422864465878,-0.507038126873914,FALSE
8290.98485246166,1.15343323585015,0.121967078259885,9.45692273936766,3.17138938057572e-21,6.22036169928271e-20,PPP1CA,PPP1CA,1.15343323585015,-0.504469702596654,TRUE
1205.05160691115,3.22863858050874,0.209351935107825,15.4220622744464,1.16329427859002e-53,1.52379859095508e-51,RMI2,RMI2,3.22863858050874,-0.500778390156163,FALSE
