"","TCGA-A1-A0SK-01A-12R-A084-07","TCGA-A1-A0SP-01A-11R-A084-07","TCGA-A2-A04U-01A-11R-A115-07","TCGA-A2-A0CM-01A-31R-A034-07","TCGA-A2-A0D0-01A-11R-A00Z-07","TCGA-A2-A0D2-01A-21R-A034-07","TCGA-A2-A0SX-01A-12R-A084-07","TCGA-A2-A0T0-01A-22R-A084-07","TCGA-A2-A0T2-01A-11R-A084-07","TCGA-A2-A0YE-01A-11R-A109-07","TCGA-A2-A1G6-01A-11R-A13Q-07","TCGA-A2-A3XT-01A-11R-A22U-07","TCGA-A2-A3XX-01A-21R-A239-07","TCGA-A2-A3XY-01A-11R-A239-07","TCGA-A7-A0CE-11A-21R-A089-07","TCGA-A7-A0CH-11A-32R-A089-07","TCGA-A7-A0DA-01A-31R-A115-07","TCGA-A7-A26G-01A-21R-A169-07","TCGA-A7-A4SE-01A-11R-A266-07","TCGA-A7-A6VV-01A-22R-A33J-07","TCGA-A7-A6VW-01A-21R-A33J-07","TCGA-A7-A6VY-01A-12R-A33J-07","TCGA-A8-A07C-01A-11R-A034-07","TCGA-A8-A07O-01A-11R-A00Z-07","TCGA-A8-A08R-01A-11R-A034-07","TCGA-A8-A09X-01A-11R-A00Z-07","TCGA-AC-A2BK-01A-11R-A21T-07","TCGA-AC-A2FM-11B-32R-A19W-07","TCGA-AC-A2QH-01A-11R-A18M-07","TCGA-AC-A2QH-01B-04R-A22O-07","TCGA-AC-A2QJ-01A-12R-A19W-07","TCGA-AC-A6IW-01A-12R-A33J-07","TCGA-AC-A7VC-01A-11R-A352-07","TCGA-AN-A04D-01A-21R-A034-07","TCGA-AN-A0AL-01A-11R-A00Z-07","TCGA-AN-A0AR-01A-11R-A00Z-07","TCGA-AN-A0AT-01A-11R-A034-07","TCGA-AN-A0G0-01A-11R-A034-07","TCGA-AN-A0XU-01A-11R-A109-07","TCGA-AO-A03U-01B-21R-A10J-07","TCGA-AO-A0J4-01A-11R-A034-07","TCGA-AO-A0J6-01A-11R-A034-07","TCGA-AO-A0JL-01A-11R-A056-07","TCGA-AO-A124-01A-11R-A10J-07","TCGA-AO-A128-01A-11R-A10J-07","TCGA-AO-A129-01A-21R-A10J-07","TCGA-AO-A12F-01A-11R-A115-07","TCGA-AO-A1KR-01A-12R-A144-07","TCGA-AQ-A04J-01A-02R-A034-07","TCGA-AR-A0TS-01A-11R-A115-07","TCGA-AR-A0TU-01A-31R-A109-07","TCGA-AR-A0U4-01A-11R-A109-07","TCGA-AR-A1AR-01A-31R-A137-07","TCGA-AR-A1AY-01A-21R-A12P-07","TCGA-AR-A256-01A-11R-A169-07","TCGA-AR-A2LR-01A-12R-A18M-07","TCGA-AR-A5QQ-01A-11R-A28M-07","TCGA-B6-A3ZX-01A-11R-A239-07","TCGA-B6-A400-01A-11R-A239-07","TCGA-B6-A402-01A-11R-A239-07","TCGA-BH-A0B3-01A-11R-A056-07","TCGA-BH-A0B3-11B-21R-A089-07","TCGA-BH-A0B9-01A-11R-A056-07","TCGA-BH-A0BG-01A-11R-A115-07","TCGA-BH-A0BL-01A-11R-A115-07","TCGA-BH-A0BW-11A-12R-A115-07","TCGA-BH-A0E0-01A-11R-A056-07","TCGA-BH-A0E0-11A-13R-A089-07","TCGA-BH-A0RX-01A-21R-A084-07","TCGA-BH-A0WA-01A-11R-A109-07","TCGA-BH-A18G-01A-11R-A12D-07","TCGA-BH-A18V-11A-52R-A12D-07","TCGA-BH-A18V-01A-11R-A12D-07","TCGA-BH-A1EW-11B-33R-A137-07","TCGA-BH-A1EW-01A-11R-A137-07","TCGA-BH-A1F0-11B-23R-A137-07","TCGA-BH-A1F6-01A-11R-A13Q-07","TCGA-BH-A1F6-11B-94R-A13Q-07","TCGA-BH-A1FC-01A-11R-A13Q-07","TCGA-BH-A1FC-11A-32R-A13Q-07","TCGA-BH-A1FU-11A-23R-A14D-07","TCGA-BH-A203-11A-42R-A169-07","TCGA-BH-A204-11A-53R-A157-07","TCGA-BH-A208-11A-51R-A157-07","TCGA-BH-A42U-01A-12R-A24H-07","TCGA-C8-A12V-01A-11R-A115-07","TCGA-C8-A131-01A-11R-A115-07","TCGA-C8-A1HJ-01A-11R-A13Q-07","TCGA-C8-A26X-01A-31R-A16F-07","TCGA-C8-A26Y-01A-11R-A16F-07","TCGA-C8-A27B-01A-11R-A169-07","TCGA-C8-A3M7-01A-12R-A21T-07","TCGA-D8-A13Z-01A-11R-A115-07","TCGA-D8-A143-01A-11R-A115-07","TCGA-D8-A147-01A-11R-A115-07","TCGA-D8-A1JF-01A-11R-A13Q-07","TCGA-D8-A1JL-01A-11R-A13Q-07","TCGA-D8-A1XK-01A-21R-A14M-07","TCGA-D8-A1XQ-01A-11R-A14M-07","TCGA-D8-A27F-01A-11R-A16F-07","TCGA-D8-A27H-01A-11R-A16F-07","TCGA-D8-A27M-01A-11R-A16F-07","TCGA-E2-A14N-01A-31R-A137-07","TCGA-E2-A14R-01A-11R-A115-07","TCGA-E2-A14X-01A-11R-A115-07","TCGA-E2-A150-01A-11R-A12D-07","TCGA-E2-A158-01A-11R-A12D-07","TCGA-E2-A158-11A-22R-A12D-07","TCGA-E2-A1L7-01A-11R-A144-07","TCGA-E2-A1L7-11A-33R-A144-07","TCGA-E2-A1LH-11A-22R-A14D-07","TCGA-E2-A1LH-01A-11R-A14D-07","TCGA-E2-A1LL-01A-11R-A144-07","TCGA-E2-A1LS-01A-12R-A157-07","TCGA-E2-A1LS-11A-32R-A157-07","TCGA-E9-A1R7-11A-42R-A14M-07","TCGA-E9-A1RB-11A-33R-A157-07","TCGA-E9-A1RC-11A-33R-A157-07","TCGA-E9-A1RD-11A-33R-A157-07","TCGA-E9-A1RF-11A-32R-A157-07","TCGA-E9-A1RH-11A-34R-A169-07","TCGA-E9-A1RI-11A-41R-A169-07","TCGA-E9-A5FL-01A-11R-A27Q-07","TCGA-EW-A1OV-01A-11R-A144-07","TCGA-EW-A1OW-01A-21R-A144-07","TCGA-EW-A1P4-01A-21R-A144-07","TCGA-EW-A1P8-01A-11R-A144-07","TCGA-EW-A1PB-01A-11R-A144-07","TCGA-EW-A1PH-01A-11R-A14M-07","TCGA-EW-A3U0-01A-11R-A22K-07","TCGA-EW-A6SB-01A-12R-A32P-07","TCGA-GI-A2C9-11A-22R-A21T-07","TCGA-GI-A2C9-01A-11R-A21T-07","TCGA-GM-A2DB-01A-31R-A18M-07","TCGA-GM-A2DF-01A-11R-A180-07","TCGA-GM-A2DH-01A-11R-A180-07","TCGA-HN-A2NL-01A-11R-A18M-07","TCGA-LL-A441-01A-11R-A24H-07","TCGA-LL-A5YO-01A-21R-A28M-07","TCGA-LL-A73Y-01A-11R-A33J-07","TCGA-OL-A6VO-01A-12R-A33J-07","TCGA-S3-AA10-01A-21R-A41B-07","TCGA-S3-AA15-01A-11R-A41B-07"
"MAGEA4",0,0,1.58496250072116,0,0,5.16992500144231,0,7.86418614465428,14.162312645599,12.0251395622785,0,1,6.04439411935845,6.37503943134692,2.58496250072116,3,0,0,0,3,1.58496250072116,0,0,0,0,9.35755200461808,0,0,4.4594316186373,0,6.37503943134692,0,8.51963625284321,0,11.5333297323058,13.2551761374597,12.2807707701306,0,0,0,0,13.4079315911744,0,13.1296050111525,0,6.04439411935845,0,2.8073549220576,5.78135971352466,2,0,0,0,1,0,0,0,4.24792751344359,5.7279204545632,1.58496250072116,4.58496250072116,2.58496250072116,11.0701209444768,13.3828941688921,12.1513337192917,0,1,4.08746284125034,5.64385618977472,7.59991284218713,0,1,12.7435721889356,0,1.58496250072116,0,0,0,0,0,0,0,0,0,0,0,4.08746284125034,12.9955905123663,1,11.4833119549994,2.58496250072116,0,0,0,13.9170923157241,1,0,0,0,1,5.49185309632967,1.58496250072116,0,8.57364718749332,1,1.58496250072116,0,0,0,1,0,9.93516504960369,0,0,1,0,0,0,0,0,0,0,12.7883105037009,1,1,0,0,14.0679384764361,7.4594316186373,11.9840623696864,0,0,3.58496250072116,9.7176764230664,9.20945336562895,12.9879745242962,0,1,6.7279204545632,0,0,0,0
"MAGEA3",1,2,0,0,0,12.7062801588492,1,6,11.7984718011016,6.33985000288462,0,9.89330153086056,0,0,0,2.58496250072116,0,2,0,0,1,2.58496250072116,0,3,11.4553272203046,0,7.07681559705083,0,2.32192809488736,0,2.58496250072116,0,0,0,12.4614794472862,12.3125993788626,12.8173834278972,11.5333297323058,0,0,0,0,8.17990909001493,13.0806510019498,11.5717526435035,2,0,2.58496250072116,2.58496250072116,0,0,0,0,0,0,0,6.55458885167764,0,4.24792751344359,0,11.5901191741072,0,0,12.0744760007345,0,4.24792751344359,1,0,4,6.02236781302845,0,0,11.0532471259124,0,0,0,0,0,0,0,0,1,2.8073549220576,0,0,4.32192809488736,6.82017896241519,11.5868397879618,3.16992500144231,13.7406240444894,4.90689059560852,0,0,10.5255208090951,2.32192809488736,1,0,0,7.3037807481771,1,8.68650052718322,8.17492568250068,0,4.39231742277876,0,11.8959538928122,0,0,0,0,1,9.55266909751427,10.6662240028032,0,0,0,0,0,0,0,2.32192809488736,0,9.74651432113846,0,4,0,0,2.32192809488736,12.2877123795494,6.18982455888002,0,0,4.58496250072116,8.18487534290828,1,0,0,2.58496250072116,0,10.8795832496128,0,9.81057163474115,0
"MAGEA6",2,0,0,0,0,12.5490626585704,0,7.65821148275179,10.1111356702347,4.64385618977472,0,8.6724253419715,0,0,1,2,0,0,0,0,0,1.58496250072116,0,1.58496250072116,10.8407779235951,0,10.4125698468052,0,3.70043971814109,1,2,0,0,0,12.2638560195961,11.9177450134432,12.6755160440828,11.3247431104944,0,1,0,0,7.06608919045777,12.644982855229,12.3128829552844,5.12928301694497,0,3.16992500144231,1,0,0,0,0,0,1,0,10.9121408562957,1.58496250072116,4.90689059560852,0,11.1705510353167,0,4.24792751344359,11.9143851321554,0,7.02236781302845,0,1.58496250072116,1.58496250072116,5.12928301694497,0,0,10.2443638351205,0,0,0,0,0,0,0,0,1,3,0,0,3.90689059560852,6.28540221886225,1.58496250072116,0,13.5461710022674,4.32192809488736,0,0,9.28540221886225,1,3.32192809488736,0,0,6.32192809488736,1,7.34872815423108,7.59245703726808,0,7.10852445677817,1,11.6151698138436,1,0,0,0,0,9.25974326369078,11.4863322527687,0,0,0,0,0,0,1,3.16992500144231,0,1,0,1.58496250072116,0,0,1,12.0535865436392,4.08746284125034,0,0,4.64385618977472,9.37503943134693,0,0,0,2.8073549220576,0,10.4888443464573,1.58496250072116,5.32192809488736,1
"TLX1",11.5112584955023,1.58496250072116,10.7657004876511,10.5631962722167,7.83289001416474,10.6375305515253,4.39231742277876,9.34429590791582,4.85798099512757,10.5381889320524,1.58496250072116,10.7116669735643,11.3652288492515,7.85798099512757,0,0,10.8344710499842,4.24792751344359,3.8073549220576,4.08746284125034,3.4594316186373,0,10.6211361132746,4.8073549220576,11.2997804028585,5.20945336562895,9.11894107272351,0,9.39231742277876,8.61838550225861,6.10852445677817,6.18982455888002,7.91288933622996,9.4594316186373,2,10.4645457503339,6.28540221886225,0,5.49185309632967,0,8.47167521439204,8.25738784269265,7.59991284218713,5.55458885167764,11.6781599575428,6.10852445677817,7.82017896241519,7.65821148275179,4.90689059560852,6.55458885167764,11.4506957715729,9.51766938813381,0,2,2.32192809488736,8.13442632022093,0,7.49984588708321,8.73470962022584,4.70043971814109,9.7632123668144,1.58496250072116,7.4757334309664,9.50581155391959,7.70735913208088,2,2,0,8.14465824283188,7.86418614465428,2,0,8.09275714091985,2.32192809488736,0,1.58496250072116,8.20945336562895,3,11.407798850222,3.4594316186373,2,1.58496250072116,2,0,3,8.4757334309664,9.81538329581354,11.4130989849153,2.8073549220576,6.12928301694497,4.70043971814109,1,8.51175265376738,10.61194694182,10.8241632097442,0,9.54689445988764,9.27146302790437,0,10.4696418172395,5.39231742277876,1.58496250072116,10.1357092861044,11.103287808412,10.0320457269308,1,3,1,6.95419631038687,2.8073549220576,1.58496250072116,4.52356195605701,0,1,1.58496250072116,0,0,0,0,0,1,1,1,3,7.56224242422107,0,6.06608919045777,2,9.29232163280204,10.7389366816761,7.90086680798075,0,8.24792751344359,4.64385618977472,8.60362634498619,3.70043971814109,10.9751314569213,2.8073549220576,7.68650052718322,5.95419631038687,12.1085244567782,1.58496250072116,5.78135971352466
"ACTL8",7.97154355395077,6.61470984411521,0,13.194602975158,4.64385618977472,5.16992500144231,0,8.69696752623429,12.7876985439713,2.58496250072116,0,7.4262647547021,11.8089641749193,8.88264304936184,0,2,7,2.32192809488736,5.35755200461808,12.5686686933805,7.07681559705083,6.6724253419715,6.59991284218713,13.8769964862207,7.86418614465428,9.91288933622996,1,0,5.08746284125034,4.16992500144231,2,4.70043971814109,3.32192809488736,0,3,8.86727873970966,7.90689059560852,2.58496250072116,5.28540221886225,0,5.39231742277876,5.20945336562895,6.4093909361377,3.90689059560852,9.4757334309664,11.9571020415623,6.16992500144231,9.35755200461808,11.4199601778479,7.36632221424582,3.58496250072116,4.16992500144231,4.90689059560852,11.9004894848346,4.39231742277876,3,3.16992500144231,7.36632221424582,4.08746284125034,7.07681559705083,7.93663793900257,0,9.75488750216347,6.22881869049588,5.4262647547021,0,6.71424551766612,0,9.54303182025524,7.4757334309664,3.4594316186373,0,7.08746284125034,5.49185309632967,7.06608919045777,0,13.7168194613299,0,12.8083609154328,2.8073549220576,0,1,0,0,1,7.89481776330794,4.39231742277876,9.93957921431469,7.29462074889163,3,5.04439411935845,4.08746284125034,4.24792751344359,3,5.04439411935845,5.20945336562895,8.4757334309664,2.32192809488736,5.16992500144231,7,1.58496250072116,1.58496250072116,8.1548181090521,8.7714894695006,14.2582715762829,4.64385618977472,3,0,1,0,0,8.06069593168755,2.8073549220576,5.93073733756289,1,0,1,1.58496250072116,0,1,0,0,9.84077792359505,6.6724253419715,5,1,9.76983784362944,2.8073549220576,11.8970891283128,5.4594316186373,12.0907740546408,0,10.0182001788132,8.20945336562895,13.8753654006418,4.85798099512757,3.4594316186373,5.7279204545632,8.23840473932508,1,5.20945336562895,3.32192809488736,2.32192809488736
"MMP1",6.49185309632967,9.67419226814568,8.56605403817109,10.7185328760692,10.6429542234803,10.0687782779854,10.129283016945,11.0927571409199,8.4594316186373,13.1168312758987,3.70043971814109,10.5117526537674,9.47167521439204,12.871327736134,5.6724253419715,5.20945336562895,9.84549005094438,6.58496250072116,11.2928967554092,12.4586629328678,11.2227949028681,14.145693374677,10.4146852358072,14.0249664838738,10.3286749273279,10.7665289085989,3.16992500144231,2,8.59618975614441,5.93073733756289,9.77643303244473,6,6.06608919045777,11.580729651599,11.7380922596205,5.90689059560852,14.8214750500965,14.4887815973961,10.4594316186373,7.96000193206808,10.6339034093485,12.981567281903,5.61470984411521,10.4470832262097,5.83289001416474,12.7387256224934,11.0375469539622,10.1163439612375,9.86263735755879,8.96289600533726,8.16490692667569,12.6532929453828,10.319672120947,13.6441942818063,11.9102679558108,9.13442632022093,16.0788596361096,5.39231742277876,9.70563238736142,7.56985560833095,11.8380220583045,5.04439411935845,7.76818432477693,12.8199794609227,14.7481404251253,7.70043971814109,5.4262647547021,6.49185309632967,12.7584314409003,13.6303808977519,10.2227949028681,0,14.8687261147174,4.08746284125034,7.02236781302845,3,8.43045255166553,4.4594316186373,11.9421479203948,4.58496250072116,2,3.16992500144231,1,2,6.53915881110803,8.61470984411521,14.2851131885015,11.5769566647061,11.1686721181322,7.55458885167764,11.1786648510065,5.55458885167764,12.5005929458938,10.0901124196643,11.3646818558646,11.496853777388,12.4619909505856,12.1225044843139,14.0869655031101,14.497352893477,11.2615073092021,15.116912479008,9.52356195605701,5.85798099512757,8.10852445677817,6.33985000288462,7.34872815423108,2.8073549220576,9.92035285541508,3.32192809488736,3.70043971814109,11.634357301138,15.063563610585,7.06608919045777,2.32192809488736,0,6.75488750216347,5.04439411935845,1,2.32192809488736,1,3.4594316186373,11.3398500028846,6.83289001416474,12.6402449362223,13.3269911749008,8.73470962022584,5.64385618977472,9.85642552862553,7.5077946401987,8.24792751344359,6.76818432477693,6.53915881110803,8.54303182025524,11.5521887595571,9.7279204545632,10.2819300269554,8.39231742277876,9.53332973230583,9.78299820892041,9.17990909001493,9.3037807481771,11.8478403556307
"MMP13",4.58496250072116,8.66533591718518,9.20212382383046,12.9136374280491,10.1674181458317,9.64925617751731,10.8788172846142,6.65821148275179,2.58496250072116,9.35974956032233,4.52356195605701,8.24792751344359,9.29691620687929,13.1070535696082,4.24792751344359,2.58496250072116,11.4304525516655,9.79928162152192,11.5555477716471,11.5166849493096,10.7870863245516,9.70735913208088,6.84549005094437,8.43879185257826,10.7245138531199,9.0389189892923,2.58496250072116,2.32192809488736,14.1211287548199,10.5971214287896,15.263929355219,7.89481776330794,16.7541437339294,9.46147944728616,10.6873756834375,5.39231742277876,8.75488750216347,10.7515440590891,6.52356195605701,9.30833903013941,9.84705734609134,10.7364019313183,5.4594316186373,4.39231742277876,3.90689059560852,8.4093909361377,8.68999797141945,2.58496250072116,5.78135971352466,6.12928301694497,3.8073549220576,9.74483383749955,8.98868468677217,10.8462739113499,9.56985560833095,9.00281501560705,13.6210216091243,2.58496250072116,11.5622424242211,10.3106127816595,9.69522829149575,3,9.15734693536284,9.67595703294175,11.8149829364268,5.39231742277876,1.58496250072116,3.8073549220576,9.22158712126481,12.1545016938648,10.8525295094042,3.70043971814109,9.83920378809694,5.95419631038687,8.29462074889163,2.32192809488736,7.01122725542325,4.58496250072116,8.65105169117893,2,3,3.4594316186373,2,4.24792751344359,7.4757334309664,6.8073549220576,12.9607259948391,9.57931593758001,11.2644426002266,9.75988818322183,6.62935662007961,2.58496250072116,10.3912435894274,7.40087943628218,12.1267044728432,12.0024634388925,13.9972677056764,7.93663793900257,7.76155123244448,10.7210991887072,13.3553510964248,9.89178370321831,5.83289001416474,4.85798099512757,8.53138146051631,7.70735913208088,4.32192809488736,2,8.06608919045777,1.58496250072116,1,7.01122725542325,10.6750749203854,6.71424551766612,4.64385618977472,1,6.76818432477693,3.4594316186373,2,1,2.58496250072116,3.8073549220576,10.9181178510318,7.65105169117893,11.3635872465246,9.13185696060879,6.53915881110803,4.32192809488736,12.2051823262286,6.85798099512757,7.66533591718518,4.52356195605701,13.6371908940686,7.11894107272351,10.2526654324502,7.16992500144231,8.43045255166553,11.8462739113499,6.75488750216347,12.7257922714942,8.10852445677817,7.97154355395077,7.4093909361377
"IBSP",7.84549005094437,4.64385618977472,5.64385618977472,7.20945336562895,5.64385618977472,5.83289001416474,6.49185309632967,7.65105169117893,4.85798099512757,6.20945336562895,0,5.20945336562895,6.8073549220576,8.06069593168755,3,0,8.85174904141606,5.12928301694497,8.04984854945056,9.29920801838728,4.70043971814109,4.8073549220576,7.876516946565,10.5915223465707,8.53138146051631,6.91886323727459,2,1,8.69348695749932,5.70043971814109,8.52356195605701,4.90689059560852,10.4231159101471,6.82017896241519,7.24792751344359,6.8703647195834,5.39231742277876,8.71080643369935,4.52356195605701,6.94251450533924,8.14974711950468,7.4178525148859,8.46352437327118,5.85798099512757,4.70043971814109,7.88874324889826,5.70043971814109,5.35755200461808,9.13442632022093,6.06608919045777,3.8073549220576,7.5077946401987,5.6724253419715,7.73470962022584,8.36632221424582,5.93073733756289,4.90689059560852,0,8.6724253419715,5.49185309632967,8.56605403817109,0,7.44294349584873,8.09803208296053,9.62570884306447,1.58496250072116,0,2.32192809488736,9.03066713624694,8.10852445677817,8.66888498426625,1.58496250072116,7.10852445677817,3.4594316186373,4.58496250072116,2.58496250072116,6.62935662007961,0,5.88264304936184,0,0,0,0,1,2.32192809488736,4.90689059560852,6.85798099512757,6.37503943134692,7.96000193206808,8.2240016741981,6.20945336562895,1,9.99859042974533,6.62935662007961,4.16992500144231,2.8073549220576,9.00842862207058,5.52356195605701,6.53915881110803,8.61470984411521,9.62753388447279,7.02236781302845,6.65821148275179,7.62205181945638,3.70043971814109,9.34429590791582,4.08746284125034,1.58496250072116,7.03342300153745,1,0,7.74819284958946,3.4594316186373,2.58496250072116,0,1.58496250072116,2.58496250072116,1.58496250072116,1.58496250072116,0,0,2.32192809488736,6.16992500144231,3.16992500144231,6.96578428466209,3.8073549220576,9.49385544924082,3.16992500144231,8.33539035469392,3.32192809488736,5.78135971352466,1,12.8987903083812,6.68650052718322,8.86727873970966,8.19967234483636,3.4594316186373,7.24792751344359,3.8073549220576,8.31741261376487,8.19475685442225,7.72109918870719,4.16992500144231
"S100A7",2.58496250072116,2,0,7.8073549220576,12.8542840201762,6.32192809488736,2.32192809488736,8.91288933622996,12.911017407797,4.85798099512757,4.52356195605701,1.58496250072116,6.35755200461808,6.76818432477693,5.8073549220576,5.12928301694497,6.37503943134692,5.88264304936184,5.16992500144231,5.12928301694497,13.4177206836581,13.3865361479291,1,10.7665289085989,3.4594316186373,7.59245703726808,0,6.4262647547021,0,1,14.6515562770334,3.70043971814109,0,4.24792751344359,3,2.8073549220576,5.4262647547021,1,0,11.1592406504117,2,13.0630579636235,6.4093909361377,9.90689059560852,0,10.0306671362469,2.8073549220576,13.3893624556439,10.2045711442492,2.58496250072116,10.7364019313183,2.58496250072116,6.18982455888002,3.58496250072116,3.32192809488736,3.70043971814109,14.1230705800798,2.58496250072116,5.58496250072116,4,7.72109918870719,3.70043971814109,5,0,13.4927294677096,6.53915881110803,14.8876014245087,6.24792751344359,5.16992500144231,5.88264304936184,12.7727269492398,1,1,2.32192809488736,2,4.85798099512757,13.0263505300678,5.20945336562895,3.16992500144231,3.58496250072116,2.32192809488736,3.16992500144231,1.58496250072116,3.4594316186373,6.14974711950468,1.58496250072116,14.2375834353593,11.6252522217469,12.9518310868882,15.9730022158521,14.1176431013891,10.6220518194564,5.64385618977472,4.90689059560852,2,10.7287708495427,7.23840473932508,11.192909219112,2,10.5887146355823,3.8073549220576,1.58496250072116,6.35755200461808,14.0770660432004,12.0150665332303,6.39231742277876,3,1.58496250072116,10.4356702609366,7.92481250360578,4.52356195605701,10.8025163651212,10.1611318829843,3,2,2.8073549220576,5.04439411935845,5.4262647547021,4.39231742277876,0,5.32192809488736,1.58496250072116,7.02236781302845,10.4604558963096,5.90689059560852,7.25738784269265,4.16992500144231,4.52356195605701,10.7780771295354,6.20945336562895,11.3100446796475,3.90689059560852,4.85798099512757,2,12.4278366034585,4.24792751344359,0,0,4.90689059560852,1.58496250072116,11.2395985292491,4.90689059560852,8.65105169117893
"ORM1",5.12928301694497,2,2,1.58496250072116,13.0937476627857,0,7.56224242422107,3.8073549220576,10.4645457503339,4.85798099512757,2.58496250072116,10.6429542234803,6.76818432477693,2.58496250072116,1,3.8073549220576,4,2,9.35755200461808,1,10.7287708495427,9.29001884693262,0,15.5265909329413,3.16992500144231,5.97727992349992,0,1.58496250072116,0,0,3.16992500144231,10.403012023575,0,1,0,0,4.58496250072116,0,1,1,1,13.0164601049792,7.83920378809694,4.39231742277876,11.2045711442492,9.27146302790437,2,4.90689059560852,7.02236781302845,2.58496250072116,1,10.429406741514,6.78135971352466,2.32192809488736,6.37503943134692,2,1,4.39231742277876,3.4594316186373,1,2.8073549220576,2.32192809488736,2.32192809488736,3.70043971814109,3.70043971814109,3,11.6631133084558,3.16992500144231,8.8703647195834,4,5,0,3,2.58496250072116,5.24792751344359,0,9.38154295118458,2,7.56224242422107,2.32192809488736,0,1,2,2.32192809488736,4.4594316186373,5.55458885167764,11.6555307231556,0,12.2641493397233,13.2875681028314,11.1598713367784,2,3.8073549220576,4.4594316186373,3.32192809488736,4.52356195605701,7.17990909001493,6.97727992349992,2.32192809488736,8.28540221886225,0,1,1.58496250072116,5.28540221886225,0,7.76155123244448,1,2.8073549220576,2,2,3.32192809488736,1.58496250072116,3,1.58496250072116,2.32192809488736,2,6.88264304936184,4.4594316186373,0,1,3,2.58496250072116,2,7.99435343685886,6.10852445677817,2.58496250072116,0,14.061202407045,7.98299357469431,3.58496250072116,6.90689059560852,2.58496250072116,5.32192809488736,3.58496250072116,3.70043971814109,1.58496250072116,3,3,7.39231742277876,0,4.75488750216347,0,2.8073549220576
"HOXB13",5.20945336562895,8.13955135239879,8.40087943628218,3.16992500144231,9.12153351734003,1.58496250072116,5.12928301694497,0,8.59245703726808,6,1,1.58496250072116,9.2667865406949,9.70390357344466,4.8073549220576,2,8.76818432477693,2.58496250072116,7.67948009950545,1,6.70043971814109,7.21916852046216,7.59245703726808,8.58120058192496,1.58496250072116,0,5.35755200461808,0,10.0874628412503,8.72109918870719,8.5274770060604,9.14465824283188,7.44294349584873,0,0,4.32192809488736,2.32192809488736,0,9.02513956227851,0,7.91886323727459,0,7.86418614465428,5.78135971352466,2.8073549220576,2.8073549220576,1.58496250072116,0,5.39231742277876,9.04984854945056,9.04439411935845,11.6781599575428,1.58496250072116,8.89784545600551,2.32192809488736,9.18239435340453,7.85174904141606,9.69174351917128,10.2191685204622,2,7.82017896241519,0,8.77807712953536,3.16992500144231,1.58496250072116,4.39231742277876,6.4262647547021,2.32192809488736,4.4594316186373,6.96578428466209,0,0,8.37068740680722,1,1,1.58496250072116,7.4262647547021,0,7.49984588708321,2.8073549220576,1,1,0,1,8.55074678538324,8.27612440527424,8.69696752623429,0,0,8.54689445988764,5.24792751344359,11.9336906549522,10.9395792143147,11.2461467746359,12.2874238116835,0,5.39231742277876,0,0,0,8.92777796208234,1,0,0,0,0,2.8073549220576,1.58496250072116,5.32192809488736,1,1,7.08746284125034,0,8.9915218460757,3.90689059560852,3,0,0,2.58496250072116,0,1.58496250072116,3,8.49585502688717,3.4594316186373,8.91288933622996,7.876516946565,7.98868468677217,9.52356195605701,5,2.58496250072116,9.2667865406949,2,6.95419631038687,9.93073733756289,7.90086680798075,11.1382718001722,9.12412131182919,8.69696752623429,6.98868468677217,10.9218409370745,0,8.51963625284321,1
"NCAN",7.78790255939143,2.8073549220576,0,1,11.1045987535644,5.6724253419715,1.58496250072116,10.0967151544885,4.85798099512757,1,3.16992500144231,1.58496250072116,10.7287708495427,11.9715435539508,1.58496250072116,2.8073549220576,5.78135971352466,2.58496250072116,3,1,2.8073549220576,2.32192809488736,4.39231742277876,1,5.55458885167764,1,3.8073549220576,2.32192809488736,3.4594316186373,0,0,3.32192809488736,1,3.70043971814109,1,6.14974711950468,10.5933911227917,2.58496250072116,2.58496250072116,0,5.7279204545632,1.58496250072116,15.8965925726954,8.99435343685886,3.4594316186373,7.16992500144231,9.62570884306447,2.32192809488736,12.1029598859101,10.2312211807112,7.03342300153745,2.58496250072116,1,4.32192809488736,1,4.4594316186373,2.58496250072116,10.8113746935099,8.77807712953536,6.20945336562895,2,2,4.32192809488736,1,1,3,1,2.32192809488736,3.4594316186373,12.7782825099957,0,2.32192809488736,3.32192809488736,3.16992500144231,1,3,8.78790255939143,3,2,0,1,3,2,1.58496250072116,2,2.32192809488736,1,6.95419631038687,3.32192809488736,2.32192809488736,3,2.58496250072116,3,1.58496250072116,11.5627194270493,0,8.02236781302845,6.32192809488736,3.70043971814109,11.0389189892923,3.58496250072116,1.58496250072116,14.9779506636863,2,9.54109661534952,2,7,2.32192809488736,2.58496250072116,2.32192809488736,2.58496250072116,2.32192809488736,2,6.4594316186373,2.32192809488736,0,3.32192809488736,1,2.58496250072116,0,1,0,3.4594316186373,1.58496250072116,15.2752151627655,3.58496250072116,1.58496250072116,1.58496250072116,3.4594316186373,5,0,2,4.58496250072116,1.58496250072116,6.06608919045777,3.4594316186373,4.85798099512757,4.32192809488736,3.58496250072116,12.9029403231283,2,5.61470984411521,2
"S100A7A",2,0,0,0,7.51569983828404,2,0,4.8073549220576,9.02236781302845,1.58496250072116,2.32192809488736,2.8073549220576,2.8073549220576,4.52356195605701,1.58496250072116,4.24792751344359,1.58496250072116,0,2.8073549220576,3.58496250072116,8.38801728534514,10.3509391815464,0,6.20945336562895,1,4.58496250072116,0,0,0,0,9.91139198784346,0,0,1,0,0,2.32192809488736,0,0,4.64385618977472,0,8.95419631038687,2.32192809488736,6.68650052718322,0,4.85798099512757,0,7.10852445677817,7.08746284125034,1.58496250072116,4.08746284125034,0,1,1,0,0,9.29691620687929,1,1.58496250072116,0,3.58496250072116,1,1,0,9.62388149001346,1.58496250072116,10.9628960053373,3.16992500144231,1,0,9.11113567023471,2.32192809488736,0,0,1,0,8.40087943628218,2,0,0,1,1,0,0,0,0,10.7565563225241,7.01122725542325,11.1318569606088,14.0923442226764,9.92629599478111,7.48381577726426,1.58496250072116,2.8073549220576,1.58496250072116,10.6348110501717,4.4594316186373,4.85798099512757,1,8.01680828768655,2,0,1.58496250072116,7.89481776330794,6.4594316186373,3.4594316186373,0,0,7.36632221424582,3.90689059560852,0,4.32192809488736,8.08214904135387,0,0,0,0,0,1,0,0,0,0,6.90689059560852,2.32192809488736,3.4594316186373,1.58496250072116,0,5.70043971814109,4.85798099512757,7.4178525148859,1.58496250072116,0,0,6.88264304936184,0,0,1,5.52356195605701,0,6.4093909361377,0,4
"CT83",0,7.69348695749933,10.4512111118323,9.2045711442492,7.62935662007961,10.5877775163282,0,10.2384047393251,0,9.37068740680722,0,1,4.70043971814109,8.36632221424582,2.32192809488736,0,8.06608919045777,7.62935662007961,0,8.12928301694497,9.36632221424582,8.74483383749955,9.09275714091985,7.40087943628218,9.13699111208023,0,9.73809225962049,0,0,0,0,9.41151098801207,0,8.76487159073609,8.12412131182919,10.467605550083,8.96578428466209,7.63662462054365,8.73131903102506,1,9.72962074355304,10.1649069266757,9.49185309632967,10.6384359139905,0,9.02513956227851,9.45121111183233,9.33762190199251,9.20945336562895,0,0,7.98299357469431,0,8.22881869049588,0,7.4262647547021,0,9.211888294546,9.01402047031493,3.4594316186373,8.43045255166553,2.32192809488736,0,9.41996017784789,8.56985560833095,5.16992500144231,2.32192809488736,0,10.103287808412,9.69522829149575,8.73470962022584,4,9.73978060977326,3,0,0,8.21916852046216,2.58496250072116,0,0,0,1.58496250072116,0,0,0,9.29920801838728,5.4594316186373,11.3657756353263,0,9.84077792359505,9.35974956032233,2.32192809488736,5.85798099512757,0,9.03066713624694,1,8.96000193206808,0,2,10.5924570372681,9.34872815423108,0,10.1749256825007,0,0,8.2240016741981,0,1,0,1.58496250072116,0,8.34429590791582,0,11.1941412388631,5.28540221886225,0,1,0,2,0,0,0,0,0,8.51569983828404,8.3037807481771,0,9.70043971814109,9.36632221424582,8.82654848729091,8.00562454919388,3.4594316186373,9.4797802640291,5.97727992349992,8.18487534290828,0,9.2045711442492,8.39231742277876,2.32192809488736,7.69348695749933,7.8703647195834,7.93073733756289,8.18982455888002
"COL11A1",11.8757493514201,11.9829935746943,12.5188989927773,13.0370321041235,9.26912667914942,11.1873520732005,13.8308122717449,14.9453981112922,11.9106427304696,13.2897307400838,7.33091687811462,11.7578066721972,13.3648186236554,13.5142209093581,6.95419631038687,6.6724253419715,15.0802762489246,15.3199895805238,13.2360141919001,14.8625405031369,12.4563544151083,14.2230212493959,13.2391509737807,12.3213644320394,13.9556499075284,14.4768094786502,7.49984588708321,5.16992500144231,16.4269526492683,14.4670960339057,5.12928301694497,6.49185309632967,11.237209960755,9.54496443278924,13.8144823309043,11.0814834380937,11.3320365483617,15.1387917551419,11.6947931549999,14.3215053683988,12.8872206154684,11.6142497276894,9.83605035505807,11.7657004876511,11.0559602344523,11.7198166030181,13.0327345285867,8.02236781302845,12.0761475280225,10.2562086885274,8.75488750216347,12.326710358347,13.1036156563945,13.3956680096368,12.7334390828994,10.7698378436294,12.1746136472359,4.75488750216347,14.258934021404,12.8564255286255,13.1267044728432,7.5077946401987,10.3652288492515,12.467605550083,15.023581108623,4.95419631038687,9.28771237954945,7.33985000288462,11.7108064336994,14.2842457498297,14.0256586729435,5.55458885167764,13.512493573945,8.8703647195834,9.83920378809694,6.49185309632967,11.7578066721972,8.27612440527424,12.3679607096416,5.70043971814109,6.44294349584873,6.83289001416474,6.71424551766612,9.06069593168755,9.69174351917128,11.4162697445232,14.2071668813833,9.51963625284321,13.6003775531078,11.8105716347411,11.2330204264745,8.90689059560852,14.4966041545756,10.9151324489507,12.8075561768589,15.1910977805004,14.131455084498,16.4534796398619,13.7815646272443,14.094325153303,14.8164337109023,15.0520585346269,10.0347989625773,10.3365065598103,8.8073549220576,12.0677704574478,10.2155329997457,5.08746284125034,11.8684367558582,7.7279204545632,6.82017896241519,10.769011321097,7.53138146051631,9.41151098801207,5.52356195605701,8.0389189892923,7.85174904141606,7.60733031374961,5.90689059560852,4.4594316186373,5.7279204545632,4.58496250072116,10.7397806097733,10.0140204703149,13.37964911776,13.5132341138061,12.3665954260714,9.65642486327778,11.8021124185861,11.0714623625566,7.56224242422107,6.75488750216347,14.8528708314264,10.6510516911789,11.3083390301394,11.6679985356725,9.48179943166575,9.40514146313634,11.9439799143437,16.5837145136039,10.539158811108,11.2801907922169,12.4348888065304
"EPYC",2.32192809488736,3.8073549220576,5.49185309632967,10.0028150156071,3.32192809488736,5.35755200461808,8.20945336562895,7.09803208296053,2.32192809488736,5.52356195605701,3.16992500144231,5.75488750216347,6.82017896241519,6.4757334309664,1.58496250072116,1.58496250072116,10.2467405984931,10.12153351734,6.16992500144231,4.39231742277876,4.8073549220576,7.59991284218713,8.7176764230664,3.32192809488736,7.88264304936184,9.82654848729091,2.8073549220576,1.58496250072116,9.93957921431469,8.76487159073609,6.2667865406949,4.8073549220576,7.98299357469431,1,7.13955135239879,5.4262647547021,3.58496250072116,8.8073549220576,5.64385618977472,6.76818432477693,4.32192809488736,9.01680828768655,5.52356195605701,2,7.01122725542325,5.39231742277876,1,0,3.4594316186373,6.8703647195834,4.64385618977472,5.83289001416474,6.8703647195834,4.08746284125034,7.15987133677839,7.85174904141606,1.58496250072116,4,4.52356195605701,7.75488750216347,5.4594316186373,0,7.56224242422107,6.49185309632967,7.61470984411521,1.58496250072116,3.16992500144231,3.4594316186373,5.6724253419715,7.77478705960117,9.79766152585376,0,6.52356195605701,2,2.8073549220576,2,6.44294349584873,2.8073549220576,8.90989308377004,0,2,1.58496250072116,1,2,3.32192809488736,7.99435343685886,4.70043971814109,4.32192809488736,8.08214904135387,6.4757334309664,6.90689059560852,1,6.06608919045777,6.71424551766612,8.43045255166553,7.73470962022584,10.5497846679479,3.70043971814109,6.33985000288462,7.45121111183233,9.27844945822048,10.2167458581953,5.12928301694497,6.6724253419715,4.16992500144231,5,3.8073549220576,0,7.53915881110803,1.58496250072116,0,6.24792751344359,1.58496250072116,2.32192809488736,1,1.58496250072116,3.32192809488736,2.32192809488736,1.58496250072116,1,1.58496250072116,2.32192809488736,6.18982455888002,8.88264304936184,7.82017896241519,4.4594316186373,3.8073549220576,4.24792751344359,7.43462822763672,7.4093909361377,2.58496250072116,2.58496250072116,8.87344411251538,5.24792751344359,8.47167521439204,4.75488750216347,6.58496250072116,6.62935662007961,6.2667865406949,8.97441458980553,2.8073549220576,6,4.4594316186373
"CLDN6",5.12928301694497,8.87344411251538,2.58496250072116,3.4594316186373,3.90689059560852,7.97154355395077,7.53138146051631,2,3.58496250072116,14.7932476716009,1,2.8073549220576,8.33539035469392,3.32192809488736,3.16992500144231,2.32192809488736,5.70043971814109,8.37503943134693,10.4594316186373,3.4594316186373,7.49984588708321,8.45532722030456,2.32192809488736,5.93073733756289,2.58496250072116,3.4594316186373,10.8564255286255,3.32192809488736,3,2.32192809488736,2.32192809488736,3,3,2.58496250072116,10.0741414627525,13.9229559919085,7.83920378809694,9.54109661534952,7.53138146051631,2.8073549220576,8.02236781302845,6.37503943134692,2.58496250072116,8.4262647547021,2,7.04439411935845,4.39231742277876,3.16992500144231,5.08746284125034,2.32192809488736,10.5186531556734,2.58496250072116,2,2.8073549220576,5.08746284125034,5.28540221886225,1,3.16992500144231,8.88874324889826,10.12153351734,1,1.58496250072116,13.2726297849764,8.47167521439204,3.16992500144231,2,3,0,4.24792751344359,8.64385618977473,1.58496250072116,1,8.39231742277876,2.32192809488736,2.8073549220576,2,3.16992500144231,2,2.32192809488736,0,1.58496250072116,1,1,3.58496250072116,3,1.58496250072116,3.90689059560852,7.43462822763672,2.58496250072116,3.16992500144231,3.70043971814109,1,3.70043971814109,3.58496250072116,10.7523806465529,1,6.79441586635011,5.04439411935845,10.9650627567446,2.8073549220576,2.58496250072116,7.05528243550119,3.16992500144231,3.8073549220576,3.4594316186373,3.90689059560852,10.471675214392,5.78135971352466,1,1,2.32192809488736,8.23840473932508,3.58496250072116,1,1.58496250072116,1,0,0,0,1,1.58496250072116,0,3.16992500144231,1,2,2.32192809488736,6.58496250072116,5.49185309632967,10.6741922681457,4.24792751344359,2.8073549220576,2.8073549220576,3.32192809488736,3.32192809488736,4.58496250072116,2.32192809488736,1.58496250072116,3,2,4,3,2,4.32192809488736
"PRSS33",6.02236781302845,8.2667865406949,4.52356195605701,3.8073549220576,5.95419631038687,3.58496250072116,2.32192809488736,7.82017896241519,5.35755200461808,4.75488750216347,1,9.07414146275251,13.6163190969769,9.23122118071119,4.08746284125034,1.58496250072116,9.48784003382305,6.76818432477693,4.08746284125034,5.61470984411521,4.8073549220576,6.78135971352466,3.32192809488736,6.93073733756289,10.4655664048094,0,4.85798099512757,1.58496250072116,1,1,0,9.24079133216196,0,9.55458885167764,7.70735913208088,3.90689059560852,2.58496250072116,9.23840473932508,7.94251450533924,3.32192809488736,10.8328900141647,2.58496250072116,13.5859014496908,11.4888443464573,6.18982455888002,2,6.8703647195834,3,11.8419573990995,13.0272148851598,1,1,0,7.2667865406949,4.24792751344359,6.79441586635011,0,9.89784545600551,5.75488750216347,9.319672120947,9.68825030913318,1.58496250072116,2.8073549220576,7.4757334309664,1,5.93073733756289,0,1,7.62935662007961,10.4787696194758,6.89481776330794,2.32192809488736,0,2.58496250072116,0,2.32192809488736,11.8830250684402,4.24792751344359,2.32192809488736,0,1.58496250072116,1.58496250072116,1,2.32192809488736,2.8073549220576,7.25738784269265,2,5.08746284125034,2,2.58496250072116,6.88264304936184,0,4,4.95419631038687,6.12928301694497,1,5.32192809488736,8.10852445677817,9.59432460392485,3.90689059560852,9.61838550225861,7.97727992349992,9.68999797141945,9.19475685442225,12.5117526537674,1.58496250072116,2,1,1,2,0,11.0063260785249,1.58496250072116,6.20945336562895,0,1,3.16992500144231,0,0,0,2.32192809488736,0,3.4594316186373,2,4.39231742277876,2.58496250072116,4.58496250072116,0,7.17990909001493,1.58496250072116,5,4.32192809488736,9.5352753766208,0,5.4262647547021,0,2.58496250072116,2,2.32192809488736,8.51963625284321,9.55266909751427,6.20945336562895,1
"DPYSL5",14.4985999287703,10.8273427042341,5.93073733756289,0,2.58496250072116,1.58496250072116,7.97727992349992,3.16992500144231,5.20945336562895,4.70043971814109,0,1,6.7279204545632,5.20945336562895,2.8073549220576,0,5.4262647547021,1,4.95419631038687,2,5.35755200461808,3,5.28540221886225,4.32192809488736,1.58496250072116,2.8073549220576,8.80413102118332,1,6.3037807481771,6.28540221886225,2.8073549220576,2,4.52356195605701,12.297489501161,1,9.62570884306447,4.24792751344359,1.58496250072116,5.12928301694497,1.58496250072116,3.32192809488736,7.23840473932508,3.90689059560852,3.58496250072116,1.58496250072116,0,2,1.58496250072116,6.20945336562895,10.2562086885274,3.4594316186373,3.32192809488736,1.58496250072116,0,1,11.6886874232225,3,10.4542992936199,5.83289001416474,0,5.28540221886225,1,5,1,3,1.58496250072116,7.62205181945638,1.58496250072116,1.58496250072116,8.72451385311995,0,2,7.37503943134692,3.16992500144231,1.58496250072116,2,7.24792751344359,2.32192809488736,2.32192809488736,1,1,2,2,2.8073549220576,1,1,0,6.85798099512757,1,9.21431912080077,3.58496250072116,0,5.58496250072116,12.5164387346079,10.5068034377956,0,4,3.32192809488736,3.70043971814109,4.64385618977472,5.6724253419715,4.85798099512757,3.16992500144231,2,2.58496250072116,3.16992500144231,11.1389117181427,6.44294349584873,10.5225815312548,1.58496250072116,1,2.58496250072116,1,1,0,1.58496250072116,2,2.32192809488736,2.32192809488736,1,1.58496250072116,2.32192809488736,7.51569983828404,1,1,4.90689059560852,3.90689059560852,2.8073549220576,7.02236781302845,8.70390357344466,0,2,6.44294349584873,8.07681559705083,7.74146698640115,8.01680828768655,12.6388883822523,2.32192809488736,3,1.58496250072116,4,3.16992500144231,2.58496250072116
"COL10A1",11.4429434958487,11.2094533656289,12.1016474500308,11.9729797860663,7.11894107272351,10.7279204545632,12.9359016822676,13.381407759783,10.8986013874039,12.3492812288175,8.25266543245025,10.5989829710361,12.2618011071953,13.3128829552844,5.28540221886225,6.04439411935845,14.1301683281468,15.1492310986567,12.65999589243,14.0175044011094,10.7523806465529,13.3717766443379,12.5703301010308,11.4558409091264,13.0279059965699,13.0136716140586,7.20945336562895,5.75488750216347,8.99435343685886,7.02236781302845,5.04439411935845,6.64385618977472,4.24792751344359,8.73131903102506,12.6295843001938,9.87190523765919,10.5689061545021,12.7420988697783,11.1143930548673,13.424953571261,13.606752195112,9.99859042974533,9.14720492494223,8.40087943628218,9.86108690599539,10.5018371849023,13.413363481211,6.98868468677217,11.7142455176661,10.5593770905267,7.11894107272351,10.871135184243,11.2203783276952,13.5056875204723,11.9057630496028,10.496853777388,9.8008998999203,10.9083926207737,13.5829652028171,11.9647018574204,12.748612176737,6.35755200461808,10.4051414631363,12.4019461239765,14.1473639434093,7.25738784269265,8.51963625284321,5.28540221886225,11.6361714416359,12.6179265567988,12.2591547688668,4.24792751344359,12.0867996856235,9.04165915163721,10.8225708309502,3.58496250072116,10.3297963382207,6.59991284218713,11.0320457269308,6.4262647547021,5.08746284125034,3.70043971814109,5.28540221886225,5.49185309632967,11.0299773465896,10.2911706993219,12.9251835194342,9.30606168942834,12.7778717198332,10.7082217300384,9.467605550083,10.7414669864011,13.4395711962765,9.76155123244448,11.6768386064742,14.3626972645033,12.733015321686,9.53138146051631,12.5272326264476,12.8179829271957,14.2341438166532,14.1274301543098,9.11894107272351,8.90086680798075,11.2027360432502,11.616548843779,8.98013957763916,4.64385618977472,12.3404064908533,4.70043971814109,5.24792751344359,9.61470984411521,7.76155123244448,8.7279204545632,5.08746284125034,4.52356195605701,4.85798099512757,5.83289001416474,6.56985560833095,3.8073549220576,6.3037807481771,6.4262647547021,8.85174904141606,8.84549005094438,13.0342831309619,11.7279204545632,11.2934716488381,7.09803208296053,10.3998119593257,9.62205181945638,5.52356195605701,6.84549005094437,14.3638609767295,9.50382573799575,10.631177055704,11.5201275503249,8.6582114827518,10.2008986050384,11.4731983836775,13.7583273315702,9,9.94104760634058,10.4706588740606
