"gene_symbol","log2FoldChange","padj","druggability_score","priority_score","target_class"
"MELK",4.9114568363683,8.72681059789677e-112,3,35.9911803857994,"Kinase"
"TTK",4.34483836950476,4.56802385835386e-96,3,31.1055330017947,"Kinase"
"CDK1",3.85801666881318,1.29097595581838e-91,3,29.6241295545371,"Kinase"
"CDKN3",3.74595514605601,1.23501433975453e-87,3,28.396284943751,"Kinase"
"PBK",4.37014987247416,9.09003092735773e-80,3,26.2234753534899,"Kinase"
"HMMR",3.83504480044847,1.42437047465033e-79,3,26.004426551314,"Receptor"
"TICRR",3.37720287033865,8.44105886123122e-67,3,22.0352417824902,"Receptor"
"SLC7A5",4.21576047331528,4.57858269973118e-59,2,19.5665088231094,"Channel/Transporter"
"PARPBP",2.30483896766235,2.5557717191179e-46,2,15.169195072255,"Enzyme"
"CENPK",2.47962554134851,1.43262233932658e-43,3,14.7970481467152,"Kinase"
"SLC52A2",2.35796421486373,1.53879412988494e-37,2,12.5512351081852,"Channel/Transporter"
"SLC35A2",1.51870275919982,2.63891766627502e-35,2,11.6291830756019,"Channel/Transporter"
"PLAUR",2.35317072851226,5.18857274929327e-33,3,11.5914368454391,"Receptor"
"CALR",1.57900637075202,9.50439849476437e-33,3,11.2803245201678,"Receptor"
"SLC12A8",2.19529229169257,2.76482507288184e-33,2,11.2260873897398,"Channel/Transporter"
"SLC16A3",3.06917621959045,5.40989001752148e-31,2,10.8007963350662,"Channel/Transporter"
"CDKN2A",3.98887496383056,4.51564397230189e-27,3,10.3002465811148,"Kinase"
"SLC6A9",2.34467930363209,7.16422451752998e-30,2,10.2468530348043,"Channel/Transporter"
"PARP1",1.39658267888154,3.80550829889626e-30,2,10.0448510016535,"Enzyme"
"LSR",2.40247253911659,9.54879385888415e-28,3,10.0267572063911,"Receptor"
