"baseMean","log2FoldChange","lfcSE","stat","pvalue","padj","gene_symbol"
1015.93540208086,9.87455345911626,1.14321967450155,8.63749433233085,5.74593078041619e-18,8.14017269853852e-17,"MAGEA4"
612.100006082923,9.21379121099881,1.10508356432197,8.33764206478988,7.5786570826728e-17,9.5206194782666e-16,"MAGEA3"
516.538603506033,9.12533751390989,1.07420633545684,8.49495782393526,1.98004800759036e-17,2.65616211856197e-16,"MAGEA6"
440.281087576564,8.22456535262474,0.577078399384089,14.2520762541151,4.35148673366133e-46,4.36270018024422e-44,"TLX1"
698.932901684766,8.07145344690014,0.662395788994894,12.1852426917562,3.72542660406243e-34,2.0064193241342e-32,"ACTL8"
4077.12875415678,7.54406858272536,0.467784882622829,16.1272175800689,1.6425561162902e-58,2.67603189270854e-56,"MMP1"
1373.57512035521,7.01166376178039,0.439624142413216,15.949223632923,2.88460591583449e-57,4.42311896517986e-55,"MMP13"
167.953165463117,6.97804986214099,0.434665764218032,16.0538290258368,5.37436428424088e-58,8.43937071068115e-56,"IBSP"
2798.51084960191,6.78887721741042,0.684782324748011,9.91392004737947,3.62151650432091e-23,8.53544943201927e-22,"S100A7"
419.91199001664,6.61746223320517,0.686560444503861,9.63857193664461,5.49470324125411e-22,1.15788544373299e-20,"ORM1"
302.618841536427,6.59339339773858,0.616823574853494,10.6892694548917,1.14267466548202e-26,3.61043642486301e-25,"HOXB13"
255.046616688363,6.53185670028681,0.643426872044696,10.1516691081455,3.25743904782281e-24,8.42377615670606e-23,"NCAN"
152.639166975816,6.52108484393305,0.842794802222638,7.73745261211329,1.01428467408587e-14,1.00149085603774e-13,"S100A7A"
324.002943396991,6.47794308275864,0.68104932875959,9.51170907775074,1.87555410002631e-21,3.7636696478357e-20,"CT83"
8360.35580200963,6.42126790548209,0.36115973190278,17.7795787798697,1.01741493994037e-70,2.3892752467951e-68,"COL11A1"
152.57425109456,6.27607077973391,0.441632869040364,14.211059048597,7.82333588951636e-46,7.69550553328388e-44,"EPYC"
181.279538970448,6.27359559281267,0.562990963291298,11.1433326676092,7.717622400973e-29,2.88630219693204e-27,"CLDN6"
301.185932719751,6.18988764065567,0.612277253447014,10.1096155472177,5.008040990318e-24,1.26865504853857e-22,"PRSS33"
163.114537775888,6.1684459335425,0.601922118901329,10.2479137081747,1.20925409845468e-24,3.2664898014941e-23,"DPYSL5"
3429.07815367727,6.15618258302622,0.332586622374698,18.5100126369201,1.71460427728002e-76,4.6556864266519e-74,"COL10A1"
1006.85351353855,6.02740292516897,0.462443081847957,13.0338265653862,7.85664373811498e-39,5.55011198703098e-37,"CA9"
261.778936505554,5.99235169474173,0.601912455595432,9.95552034026925,2.3857154768867e-23,5.70536195743171e-22,"CCKBR"
15860.9108584998,5.93710187605474,0.353870252774476,16.7776235202186,3.55792111747933e-63,6.86995035328398e-61,"MMP11"
902.945382039485,5.84849419315218,0.51038815079581,11.4589145222769,2.12157026939037e-30,8.76433791001566e-29,"HORMAD1"
10724.9541112485,5.82039910490397,0.661443781459611,8.79953711570176,1.37381630763414e-18,2.07721981966933e-17,"COL2A1"
4838.04146478047,5.80062801607215,0.579687365362507,10.0064765297148,1.4274616446832e-23,3.46781385759153e-22,"MSLN"
1364.47632216719,5.7272590757568,0.710361315979333,8.0624591273822,7.47747509257119e-16,8.38345562314208e-15,"CASP14"
119.072272226301,5.66593989657087,0.424438657643197,13.3492550561545,1.19639341811261e-40,9.50804488717727e-39,"VGF"
394.352219086612,5.64397517185294,0.58472475405425,9.65236229990239,4.80361886273272e-22,1.01884404308262e-20,"CST1"
457.804436651081,5.63073690969118,0.477767060472761,11.7855276672265,4.63508169373644e-32,2.14209886629106e-30,"HAPLN1"
127.039566198345,5.60269471657597,0.669686261536081,8.36614850620481,5.95321575051341e-17,7.52947476800743e-16,"GABRA3"
351.75784287532,5.58895429015466,0.535044637797538,10.4457719885972,1.53203788185569e-25,4.46208172808181e-24,"SERPINB7"
373.073119512956,5.54527299062245,0.448374326948894,12.3675078106212,3.9178976190089e-35,2.25946542554657e-33,"GABBR2"
495.896382972201,5.54259709706685,0.421410254943597,13.1524969600198,1.64646081010676e-39,1.22274341701005e-37,"SIM2"
192.12401553475,5.47778487940313,0.329906989043325,16.6040279876695,6.51672203545859e-62,1.19627741759366e-59,"LINC01614"
172.108551965981,5.4497063133808,0.505468898783347,10.781486905521,4.210243504093e-27,1.36843413243382e-25,"INA"
131.850938679634,5.42903947688502,0.698953777379402,7.76737983624639,8.01262917865449e-15,8.02093720430056e-14,"LINC01606"
4123.26326292911,5.40520303110366,0.22333778912954,24.2019187714289,2.12361023084496e-129,1.84520492958118e-125,"UBE2C"
3537.31566559229,5.36800084503504,0.49947784309026,10.7472251658318,6.10712567354945e-27,1.95811125378122e-25,"KIF1A"
276.052098236213,5.36392976072689,0.519952144261431,10.3161989423971,5.95335568594831e-25,1.65091619857037e-23,"PAX6"
223.082993127808,5.35151375804391,0.429709647196995,12.4537901184019,1.33358516149862e-35,7.95482022992783e-34,"TCAM1P"
320.492984641352,5.35047234524671,0.60932114476592,8.78103835917623,1.61972291312828e-18,2.4321035239928e-17,"COL9A1"
2007.94285449441,5.33871082057422,0.508554836231262,10.4978075916802,8.84096131022989e-26,2.63379815398586e-24,"ART3"
2330.69082691888,5.3254462607644,0.449544414124409,11.8463183913361,2.24854125349407e-32,1.06762704653606e-30,"S100P"
157.927761015216,5.3114271437067,0.589876450893764,9.00430443639338,2.1703720800778e-19,3.57165965980985e-18,"PAX1"
553.461219264422,5.25669714163781,0.574751064218732,9.14604159764945,5.90579548055313e-20,1.0215419428771e-18,"SBSN"
156.707394724346,5.24599428692336,0.57615067658856,9.10524711692671,8.60702703417313e-20,1.47120900786748e-18,"LCAL1"
3056.15549779855,5.20958660160899,0.457354085372297,11.3907074807657,4.6519710170015e-30,1.88589313375082e-28,"PRAME"
251.850420987358,5.20794635954823,0.3997075968596,13.0293904856093,8.32701691302981e-39,5.86649594248508e-37,"NMU"
288.58087684993,5.18847106196119,0.514053912860147,10.0932430084872,5.91813496721907e-24,1.49339810445788e-22,"TRPM8"
